Compound,Date,Negative,Neutral,Positive,Tweet Text,Tweets Ago,User
0.0,Sun Mar 18 20:30:11 +0000 2018,0.0,1.0,0.0,"üèÉüí™ @LesDennis, @SimplySusannah, @Tameka_Empson and Miles Jupp embark on a muscle-grinding mission to regain their f‚Ä¶ https://t.co/B1rXaalmk2",0,@BBC
0.0258,Sun Mar 18 20:03:04 +0000 2018,0.086,0.824,0.09,üëéüíå Fans of K-Pop boyband member @IBGDRGN have been asked to stop sending fan mail to the army base where he's doing‚Ä¶ https://t.co/ojtDZ3gMfb,1,@BBC
0.5994,Sun Mar 18 19:33:04 +0000 2018,0.0,0.803,0.197,"Saoirse Ronan stars as Eilis, a young girl who jumps at the chance of a better life when she emigrates to New York.‚Ä¶ https://t.co/NtHAfh6cjZ",2,@BBC
-0.5994,Sun Mar 18 18:44:02 +0000 2018,0.163,0.837,0.0,"Ruth Ellis was only 28 when she became the last woman hanged to death in the UK. 

#TheRuthEllisFiles | Watch on‚Ä¶ https://t.co/5kUIFtom7t",3,@BBC
0.204,Sun Mar 18 18:34:14 +0000 2018,0.077,0.772,0.151,"RT @BBC_TopGear: 840bhp goes a little like this‚Ä¶

@Matt_LeBlanc takes the Dodge Challenger SRT #Demon to the drag strip in this Sunday‚Äôs @T‚Ä¶",4,@BBC
0.7331,Sun Mar 18 17:18:12 +0000 2018,0.0,0.66,0.34,"RT @bbcthree: Be honest, do you think you'll be this fit at 81? https://t.co/Eca0uGCF6b",5,@BBC
0.0,Sun Mar 18 17:04:03 +0000 2018,0.0,1.0,0.0,"üçéüóë How much food do you throw away? If you're a typical Brit, you probably think it's hardly any.

You're in denial‚Ä¶ https://t.co/0bSCbRrZJr",6,@BBC
0.0,Sun Mar 18 16:33:17 +0000 2018,0.0,1.0,0.0,"‚ù§Ô∏èÔ∏èüì∏Zun Lee wants his photography to give a balanced and nuanced portrayal of black fatherhood.

üëâ‚Ä¶ https://t.co/LodRrr27fd",7,@BBC
0.0,Sun Mar 18 15:41:04 +0000 2018,0.0,1.0,0.0,"ü§∞ A doctor explains why you can get pregnant and give birth without having a baby bump. 
üëâ https://t.co/nVrSpQoTOT https://t.co/iEEOjZdBKL",8,@BBC
0.0772,Sun Mar 18 14:33:07 +0000 2018,0.0,0.947,0.053,RT @BBCEngland: A number of runners have held their own half-marathon in Reading after the official event was called off due to the snowy w‚Ä¶,9,@BBC
0.0,Sun Mar 18 14:28:23 +0000 2018,0.0,1.0,0.0,RT @BBCSport: They‚Äôve done it! Gold for GB‚Äôs Menna Fitzpatrick and Jen Kehoe in the visually impaired slalom at the Winter Paralympics. And‚Ä¶,10,@BBC
0.0,Sun Mar 18 14:18:01 +0000 2018,0.0,1.0,0.0,üì±üöó Why a rise in electric cars could also mean a hike in the cost of your next phone. https://t.co/6i5xFQgRIW,11,@BBC
0.6369,Sun Mar 18 14:08:37 +0000 2018,0.0,0.682,0.318,RT @BBC6Music: ‚úèÔ∏è Which song has the greatest opening line?,12,@BBC
0.3182,Sun Mar 18 13:45:03 +0000 2018,0.0,0.905,0.095,üé§Pop music is awash with those that released one hit album and never followed it up. Here are 7 huge artists that o‚Ä¶ https://t.co/4ukT9drcdG,13,@BBC
0.0,Sun Mar 18 13:00:08 +0000 2018,0.0,1.0,0.0,"üçîüò≤ Would you eat a burger pie?  
#BackInTimeForTea https://t.co/zGWzJwdSlM",14,@BBC
0.0,Sun Mar 18 12:29:50 +0000 2018,0.0,1.0,0.0,RT @BBCOne: If food is the language of love... https://t.co/5hnYovE94o,15,@BBC
-0.4588,Sun Mar 18 11:43:04 +0000 2018,0.167,0.833,0.0,"Ever wondered why David Bowie wore an eye patch?

Strange things artists have worn on stage and the reasons why. 
üëâ‚Ä¶ https://t.co/8zSBXQkLvy",16,@BBC
0.4939,Sun Mar 18 10:30:04 +0000 2018,0.0,0.826,0.174,"üçûü•ñ Want to learn how to bake bread?

These easy to follow recipes and step-by-step videos will have you baking ever‚Ä¶ https://t.co/iXEmj5WJdD",17,@BBC
-0.4215,Sun Mar 18 10:00:08 +0000 2018,0.259,0.741,0.0,"‚ÄúI regret spending ¬£50,000 on my wedding.‚Äù https://t.co/6PxJsDf9dn https://t.co/eJdx7KMmmK",18,@BBC
0.0,Sun Mar 18 09:30:03 +0000 2018,0.0,1.0,0.0,"How to be 20 on the inside, even when you‚Äôre 80 on the outside... https://t.co/KB2mqpkrIB",19,@BBC
0.656,Sun Mar 18 09:19:33 +0000 2018,0.061,0.727,0.212,"RT @BBCNews: Snow and ice are bringing disruption to many parts of the UK - but they're not stopping everyone from having fun üê∂‚ùÑÔ∏è

https://‚Ä¶",20,@BBC
0.0,Sun Mar 18 09:10:02 +0000 2018,0.0,1.0,0.0,"RT @bbc5live: The beast from the east is back ‚ùÑÔ∏èüå®Ô∏è

You've been in touch this morning with your #uksnow pics, here are just a few...

What'‚Ä¶",21,@BBC
0.0,Sat Mar 17 20:02:01 +0000 2018,0.0,1.0,0.0,"These seven celebrities are about to go on the journey of a lifetime... #Pilgrimage
https://t.co/m45UBXJew2",22,@BBC
0.0,Sat Mar 17 19:21:02 +0000 2018,0.0,1.0,0.0,Can we just take a moment to discuss Eddie Redmanyne's coats?https://t.co/odVkhWyRKs,23,@BBC
0.0,Sat Mar 17 18:32:01 +0000 2018,0.0,1.0,0.0,"Ouch! üòÇüî•@GordonRamsay's daughter is hilarious... 
https://t.co/0dqwntX5uj",24,@BBC
0.3612,Sat Mar 17 18:03:04 +0000 2018,0.0,0.857,0.143,"üêú1‚É£2‚É£3‚É£Sir David Attenborough explores whether there is counting in the natural world. 

David Attenborough's Natur‚Ä¶ https://t.co/Q4H4uXR4pt",25,@BBC
0.3182,Sat Mar 17 17:30:07 +0000 2018,0.0,0.901,0.099,One of the writers for The Simpsons has told @BBCNewsbeat Stephen Hawking was such a big fan of the show - he'd sho‚Ä¶ https://t.co/Jjer3V4cYk,26,@BBC
0.4767,Sat Mar 17 17:00:08 +0000 2018,0.0,0.785,0.215,"üéìüìö 'The moment I gave Reese Witherspoon my Legally Blonde dissertation... and yes, it was scented.'
üëâ‚Ä¶ https://t.co/z8x5mqqKoW",27,@BBC
0.0,Sat Mar 17 16:39:39 +0000 2018,0.0,1.0,0.0,RT @BBCWorld: Blossom in south-west China captured by drone https://t.co/gIDKUn1La6,28,@BBC
0.0,Sat Mar 17 15:03:12 +0000 2018,0.0,1.0,0.0,"This year, over 250 landmarks across the globe are going green for #StPatricksDay! üçÄ https://t.co/TlWqU0TXQT https://t.co/i4sW4OaGrQ",29,@BBC
0.0,Sat Mar 17 14:43:43 +0000 2018,0.0,1.0,0.0,"RT @BBCRadio3: ""Even if we found a complete theory of the universe, it wouldn't remove the need for music"" - #StephenHawking
https://t.co/t‚Ä¶",30,@BBC
0.8625,Sat Mar 17 14:00:30 +0000 2018,0.0,0.699,0.301,‚õ∑‚ù§Ô∏è George has autism and other health conditions - but his love of skiing is helping him take on the outside world. https://t.co/kfCzRzkcNY,31,@BBC
0.3628,Sat Mar 17 13:46:15 +0000 2018,0.073,0.784,0.143,"RT @5liveSport: 'My mates didn't know I was playing @realmadrid'

@ManUtd's @carras16 tells @ColinMurray his friends keep him grounded‚Ä¶

'A‚Ä¶",32,@BBC
0.4019,Sat Mar 17 13:00:08 +0000 2018,0.0,0.881,0.119,"Yes, Gary Oldman and @BBCEastEnders' Big Mo are brother and sister. 

But do you know these other celeb family ties‚Ä¶ https://t.co/dtzMwD3nBB",33,@BBC
-0.7244,Sat Mar 17 12:39:41 +0000 2018,0.336,0.664,0.0,"RT @BBCOne: .@NiallOfficial won't let fame get to his head - Ireland won't allow it. 

Happy #StPatricksDay üçÄ https://t.co/OrWR94HStF",34,@BBC
0.5106,Sat Mar 17 12:00:09 +0000 2018,0.112,0.643,0.245,‚ôªÔ∏èüóë This shop encourages you to bring your own container from home to save on single-use plastic waste. https://t.co/TdHJSycKtO,35,@BBC
0.8883,Sat Mar 17 11:30:09 +0000 2018,0.0,0.488,0.512,üáÆüá™ üçÄ Celebrate #StPatricksDay in true Irish style with these delicious recipes! üëâhttps://t.co/2MCMlz6K0B https://t.co/k18P3Syx2N,36,@BBC
0.6249,Sat Mar 17 11:03:05 +0000 2018,0.0,0.796,0.204,From scrambled eggs to chilli-spiced crisps: here are six great ways to cook with kale. üòãüëâhttps://t.co/lqKD1h83Iv https://t.co/yWESBJm62q,37,@BBC
0.6996,Sat Mar 17 10:14:25 +0000 2018,0.066,0.658,0.276,RT @BBCTwo: Happy #StPatricksDay! Check out what's lurking beneath the calm waters of Ireland's west coast... üáÆüá™ü¶à https://t.co/6MQgyLTlIr,38,@BBC
0.0,Sat Mar 17 10:00:02 +0000 2018,0.0,1.0,0.0,"üé∂üê¶ Did you know that bullfinches can learn to sing a tune by mimicking humans?

üîä Sound on for this one!  https://t.co/44OFulioZp",39,@BBC
-0.7717,Sat Mar 17 09:39:19 +0000 2018,0.251,0.749,0.0,"RT @BBCEngland: Stephen Hawking's PhD thesis has been viewed 250,000 times online since news of his death broke on Wednesday, the Universit‚Ä¶",40,@BBC
0.6369,Sat Mar 17 09:00:06 +0000 2018,0.0,0.714,0.286,"Ready to get active?
üèÉ Here are 5 ways you can get involved in #SportRelief2018. 
üëâ https://t.co/wmKUWBDBjp https://t.co/xr7g5Hw4PK",41,@BBC
0.7783,Fri Mar 16 19:38:34 +0000 2018,0.0,0.726,0.274,"RT @BBCR1: This guy just raised over a million pounds for @sportrelief üôåüèª

Congratulations on completing a truly mammoth task @gregjames, w‚Ä¶",42,@BBC
0.4926,Fri Mar 16 18:31:01 +0000 2018,0.0,0.61,0.39,üí™üò≤‚öΩÔ∏è Keepy-uppy the good work! https://t.co/lFtKEBxjNJ,43,@BBC
0.5719,Fri Mar 16 17:00:25 +0000 2018,0.0,0.791,0.209,‚ù§Ô∏èüéß Bradley has never let Asperger's hold him back from doing what he loves. https://t.co/5JFvIXeDSZ,44,@BBC
0.0,Fri Mar 16 16:30:01 +0000 2018,0.0,1.0,0.0,"Running for the door on a Friday afternoon like...
#FridayFeeling https://t.co/optoQcK1TV",45,@BBC
0.0,Fri Mar 16 16:00:00 +0000 2018,0.0,1.0,0.0,üîäüéµJarvis Cocker describes the dream-like experience of visiting La Monte Young's Dreamhouse.‚Ä¶ https://t.co/O9u7sPRL5m,46,@BBC
0.0,Fri Mar 16 14:25:15 +0000 2018,0.0,1.0,0.0,"RT @BBCR1: The gruelling task of climbing Ben Nevis in underway for @gregjames after cycling 180 miles in a day and a half!

Don't know abo‚Ä¶",47,@BBC
0.34,Fri Mar 16 14:00:13 +0000 2018,0.0,0.841,0.159,Prepare to get that warm fuzzy feeling - the man who photobombed his wife 11 years before he met her:‚Ä¶ https://t.co/iZBJ8dEKhz,48,@BBC
0.6124,Fri Mar 16 12:59:01 +0000 2018,0.0,0.667,0.333,ü§îüé® Why are soap bubbles such gorgeous colours? https://t.co/ppaXTcvWRZ,49,@BBC
0.3612,Fri Mar 16 12:38:40 +0000 2018,0.0,0.902,0.098,"RT @BBCNewsPR: Get ready to make the headlines. 

Try out our new BBC iReporter game, putting you in the heart of the newsroom #BBCSchoolRe‚Ä¶",50,@BBC
-0.6486,Fri Mar 16 12:00:04 +0000 2018,0.238,0.762,0.0,"üòÇ Fights, funerals, and giant furry heads... @BBCThree lifts the lid on the lives of English football's mascots
üëâ‚Ä¶ https://t.co/gEYxoetlah",51,@BBC
0.5574,Fri Mar 16 10:45:24 +0000 2018,0.0,0.841,0.159,"RT @BBCRadio2: It's with a heavy heart that today we announce, after 18 fantastic years, @realLynnBowles is leaving Radio 2. üò¢

@realkenbru‚Ä¶",52,@BBC
0.0,Fri Mar 16 10:02:00 +0000 2018,0.0,1.0,0.0,Are you getting enough sleep? This simple test will tell you... ü•Ñüò¥#WorldSleepDay https://t.co/SP28dsdLSf,53,@BBC
0.4939,Fri Mar 16 09:35:56 +0000 2018,0.0,0.814,0.186,"RT @bbcthree: the dancing in taylor swift's new video seems pretty familiar 

CC @ChrisLilley https://t.co/MfA9usnqSb",54,@BBC
0.6486,Fri Mar 16 09:35:50 +0000 2018,0.0,0.813,0.187,"RT @BBCEngland: Oscar-winning British short film The Silent Child is to be shown on BBC One on Good Friday, giving UK viewers the first cha‚Ä¶",55,@BBC
0.0,Fri Mar 16 09:35:47 +0000 2018,0.0,1.0,0.0,RT @BBCScotlandNews: Meet Chloe - the five-year-old girl changing perceptions of Down's syndrome https://t.co/UNylRgDoY0 https://t.co/4ZjpI‚Ä¶,56,@BBC
0.4939,Fri Mar 16 09:35:43 +0000 2018,0.0,0.802,0.198,"RT @BBCWales: üåº Daffodils dance in the spring sunshine above Tenby harbour

üì∑ #Photooftheday ¬ª https://t.co/kNBVDzoYrZ https://t.co/OEQQWR7‚Ä¶",57,@BBC
0.4404,Fri Mar 16 09:00:03 +0000 2018,0.0,0.847,0.153,"üí™ After having his leg amputated, @MarkSmithBB is now training to become the world's strongest disabled man. https://t.co/BXlGp09hya",58,@BBC
0.6115,Fri Mar 16 08:30:05 +0000 2018,0.0,0.84,0.16,"üå∏üåªüå∫
Take a look at some of the strangest, scariest and most wonderful plants on the planet, and find out what makes‚Ä¶ https://t.co/AMFIAuRcxW",59,@BBC
-0.4019,Fri Mar 16 08:00:08 +0000 2018,0.172,0.828,0.0,üò¨üõ∞üåè Brace yourselves... a Chinese space station could be about to crash into earth. https://t.co/cPFxyUhRsq,60,@BBC
0.3327,Thu Mar 15 21:58:00 +0000 2018,0.0,0.809,0.191,Why were Ansel Adams photographs of America so important? #Civilisations https://t.co/8krOMxDz9C,61,@BBC
0.5574,Thu Mar 15 21:04:00 +0000 2018,0.108,0.613,0.278,"At a time in China when artists were persecuted, this painter secretly created beautiful landscapes. #Civilisations https://t.co/ApGgOkXX2w",62,@BBC
-0.3818,Thu Mar 15 19:30:04 +0000 2018,0.174,0.737,0.089,70% of children growing up in poverty in Scotland have a parent who is in work. https://t.co/NPY8FbCaf4,63,@BBC
-0.296,Thu Mar 15 18:30:06 +0000 2018,0.095,0.905,0.0,"No time in the mornings? 
üçØüçé Pop these in the fridge the night before to feed the family breakfast almost instantly‚Ä¶ https://t.co/FtuewpoBva",64,@BBC
0.34,Thu Mar 15 17:30:05 +0000 2018,0.0,0.882,0.118,üé®üñºÔ∏è Meet the amazing 84-year-old who‚Äôs never had an art lesson but painted a life-size replica of a Canaletto maste‚Ä¶ https://t.co/X39YxKuxKe,65,@BBC
0.5214,Thu Mar 15 13:52:24 +0000 2018,0.0,0.806,0.194,RT @BBCR1: .@CHVRCHES covering @The1975's 'Somebody Else' in the Live Lounge is so stunning üåπ https://t.co/djNHaPKlLi,66,@BBC
0.1901,Thu Mar 15 13:00:05 +0000 2018,0.0,0.821,0.179,"Tiny cookery. It's like regular cookery, but smaller. https://t.co/9Q0R2CiUVi",67,@BBC
0.0,Thu Mar 15 12:00:16 +0000 2018,0.0,1.0,0.0,"üö¢üéû Stars of the silver screen all at sea. 
üì∏üëâ https://t.co/YJ7PzhblOE https://t.co/PnHxJNmeok",68,@BBC
-0.4767,Thu Mar 15 10:45:00 +0000 2018,0.134,0.866,0.0,"BBC Economics Editor @bbckamal travels back to his old school to talk about real news, and it‚Äôs opposite, fake news‚Ä¶ https://t.co/CAKG8AbVn8",69,@BBC
-0.1779,Thu Mar 15 10:26:48 +0000 2018,0.132,0.766,0.102,RT @BBCr4today: Can you spot fake news? #BBCSchoolReport and John Humphrys are here to help... Play the game üëâ https://t.co/ulq1aviwP9 #r4t‚Ä¶,70,@BBC
0.0,Thu Mar 15 09:53:48 +0000 2018,0.0,1.0,0.0,"RT @BBCR1: The bike is back.
The lycra is BACK.

@GregJames' #Gregathlon for @SportRelief is back on the road to Ben Nevis! Today's challen‚Ä¶",71,@BBC
0.5411,Thu Mar 15 09:53:11 +0000 2018,0.0,0.868,0.132,RT @BBCSpringwatch: üòçüê≠ This adorable little wood mouse hit the jackpot when it came across this larder of tasty hedgehog food! Watch how it‚Ä¶,72,@BBC
0.0,Thu Mar 15 09:50:25 +0000 2018,0.0,1.0,0.0,RT @BBCTwo: üÜï CONFIRMED: The final series of #Episodes starts Friday 30 March on @BBCTwo! @matt_leblanc @stephenmangan üì∫üôå https://t.co/PeBz‚Ä¶,73,@BBC
0.0,Thu Mar 15 09:00:08 +0000 2018,0.0,1.0,0.0,Meet the Maasai woman standing up to female genital mutilation. https://t.co/CWUQB81bUz,74,@BBC
0.0,Thu Mar 15 08:30:08 +0000 2018,0.0,1.0,0.0,"üßÄüêÆ A farm dairy in south west Scotland believes it is leading the way for what it describes as 'ethical' cheese.
üëâ‚Ä¶ https://t.co/VyfVlaVR0u",75,@BBC
0.0,Thu Mar 15 08:00:04 +0000 2018,0.0,1.0,0.0,üöá When step-free access on London's Tube... isn't. https://t.co/62SPPru2ZP,76,@BBC
-0.6808,Wed Mar 14 21:14:04 +0000 2018,0.248,0.752,0.0,"No coffee after 2pm, no lie-ins and no phones in the bedroom...

One woman followed all the rules to find out what‚Ä¶ https://t.co/EoQcnBXGQ4",77,@BBC
0.0,Wed Mar 14 20:00:03 +0000 2018,0.0,1.0,0.0,üõ©Ô∏è The sky's the limit! https://t.co/eQgP9MDBCj,78,@BBC
0.0,Wed Mar 14 19:10:00 +0000 2018,0.0,1.0,0.0,"‚ÄúRemember to look up at the stars and not down at your feet.‚Äù

An extraordinary man whose work and legacy will live‚Ä¶ https://t.co/iM2vDxd8ET",79,@BBC
-0.7964,Wed Mar 14 19:04:03 +0000 2018,0.351,0.649,0.0,Britain's most iconic dog is in crisis. Catherine Tate investigates the serious health problems affecting the Briti‚Ä¶ https://t.co/pnTcQIQAi5,80,@BBC
0.0,Wed Mar 14 18:30:00 +0000 2018,0.0,1.0,0.0,"üîäüòµ This is trippy. 

#TonesDronesAndArpeggios | Watch on @BBCiPlayer https://t.co/Ylvgi0X3XV",81,@BBC
0.0,Wed Mar 14 17:30:00 +0000 2018,0.0,1.0,0.0,Would you use a cup made of used chewing gum?¬†https://t.co/3yFsUyeZAc,82,@BBC
0.8402,Wed Mar 14 16:43:32 +0000 2018,0.0,0.655,0.345,RT @BBCR1: Big thanks to #PiDay for giving us an excuse to re-share this video of Tom Hiddleston making it sound sexy üòç https://t.co/1VZuCI‚Ä¶,83,@BBC
0.4019,Wed Mar 14 16:20:43 +0000 2018,0.0,0.876,0.124,"RT @BBCTwo: In a change to tonight‚Äôs schedule, we‚Äôll now be showing a Horizon special from 1983 looking at Stephen Hawking's extraordinary‚Ä¶",84,@BBC
0.0,Wed Mar 14 14:38:04 +0000 2018,0.0,1.0,0.0,"üí´‚òÑ From the behaviour of black holes to the origin of the universe, these are the discoveries that made Stephen Haw‚Ä¶ https://t.co/Nep1Hu6Onj",85,@BBC
0.7783,Wed Mar 14 13:24:10 +0000 2018,0.0,0.726,0.274,"Broadcaster and comedian Jim Bowen, best known for hosting darts-based game show Bullseye in the 1980s and '90s, ha‚Ä¶ https://t.co/4d3xxj5e3X",86,@BBC
0.6779,Wed Mar 14 13:00:06 +0000 2018,0.0,0.618,0.382,"Pi(œÄ) = the most delicious number in the known universe. 
ü•ß #PiDay https://t.co/hjtJByH0XN",87,@BBC
0.561,Wed Mar 14 12:49:48 +0000 2018,0.0,0.826,0.174,"RT @BBCR1: üèîüö¥ #Gregathlon is GO! üö¥üèî

@GregJames is getting back on his bike to finish his HUGE challenge for @SportRelief. 

He starts his‚Ä¶",88,@BBC
0.6696,Wed Mar 14 12:17:18 +0000 2018,0.0,0.781,0.219,"RT @bbcgetinspired: üî¥ DANCERS NEEDED! üî¥

Do you know a dancer who would love this? üíÉüï∫ #TuesdayThoughts #GetInspired @birminghamcg22 #Birmin‚Ä¶",89,@BBC
-0.802,Wed Mar 14 12:12:32 +0000 2018,0.231,0.769,0.0,RT @BBCFOUR: Ruth Ellis was only 28 when she became the last woman hanged to death in the UK ‚Äì and it took place disturbingly recently. htt‚Ä¶,90,@BBC
0.3612,Wed Mar 14 12:03:05 +0000 2018,0.0,0.865,0.135,"üìö The Bard is credited with inventing several hundred English words. 

Test your knowledge of Bard-influenced corpo‚Ä¶ https://t.co/V3IfPC0kDm",91,@BBC
0.8176,Wed Mar 14 11:59:37 +0000 2018,0.052,0.598,0.351,"RT @BBCRadio4: Here is a perfect example of Stephen Hawking's extraordinary ability to make serious science genuinely popular
A 90-second e‚Ä¶",92,@BBC
0.3612,Wed Mar 14 11:56:23 +0000 2018,0.0,0.828,0.172,"RT @bbcthree: ""Having vitiligo is like having something that nobody else has."" https://t.co/IG2a06mxGV",93,@BBC
0.8625,Wed Mar 14 11:56:14 +0000 2018,0.0,0.719,0.281,RT @bbcouch: George has autism and other health conditions - but his love of skiing is helping him take on the outside world ‚õ∑‚ù§Ô∏è https://t.‚Ä¶,94,@BBC
0.0,Wed Mar 14 11:30:12 +0000 2018,0.0,1.0,0.0,"üí´ Stephen Hawking: A life in pictures.
üì∏ üëâ https://t.co/0NOtTi7lyD https://t.co/Q1yeTunvnY",95,@BBC
0.0,Wed Mar 14 10:27:40 +0000 2018,0.0,1.0,0.0,"'You could ask my dad any question.'

In memory of Stephen Hawking, here's an earlier interview with his daughter L‚Ä¶ https://t.co/6OQlwLfg2d",96,@BBC
0.0,Wed Mar 14 10:01:19 +0000 2018,0.0,1.0,0.0,RT @BBCArchive: Stephen Hawking first appeared on the BBC in the 1977 documentary The Key to the Universe: The Search for the Laws of Creat‚Ä¶,97,@BBC
0.5719,Wed Mar 14 09:00:05 +0000 2018,0.0,0.748,0.252,'I was homeless on these streets - I'm the perfect tour guide.' https://t.co/jxirkZzebu,98,@BBC
0.0,Wed Mar 14 08:35:41 +0000 2018,0.0,1.0,0.0,"Despite 8 million tonnes of plastic entering UK oceans each year, researchers can only account for where 1% of it e‚Ä¶ https://t.co/qHNjcKK9Ap",99,@BBC
0.0,Sun Mar 18 23:44:30 +0000 2018,0.0,1.0,0.0,New start times in East/Central Time Zones: #60Minutes 7:37ET/6:37CT #Instinct series premiere 8:37ET/7:37CT‚Ä¶ https://t.co/xT3YKqmu2M,0,@CBS
0.6514,Sun Mar 18 18:05:43 +0000 2018,0.0,0.787,0.213,Spend your Sunday streaming Second Round games LIVE with a FREE trial of CBS All Access! https://t.co/3P85rXLy4b https://t.co/zbWfirD9Ju,1,@CBS
0.1867,Sun Mar 18 17:09:53 +0000 2018,0.0,0.92,0.08,"RT @instinctcbs: TONIGHT, Dr. Dylan Reinhart rewrites the book on abnormal behavior. Don't miss the premiere of #Instinct at 8/7c! https://‚Ä¶",2,@CBS
0.0,Sat Mar 17 19:00:02 +0000 2018,0.0,1.0,0.0,"If any duo knows how to rock the stage, it's @FLAGALine. The Vocal Duo Of The Year nominee will perform live at the‚Ä¶ https://t.co/FknabB8NQp",3,@CBS
0.6166,Sat Mar 17 17:42:43 +0000 2018,0.0,0.839,0.161,How is your bracket looking after last night? Stream Second Round games LIVE today with a FREE trial of CBS All Acc‚Ä¶ https://t.co/25JlIpgwog,4,@CBS
0.7096,Sat Mar 17 14:00:03 +0000 2018,0.0,0.753,0.247,Where better to spend #StPatricksDay than the place everybody knows your name? It‚Äôs just your luck that every singl‚Ä¶ https://t.co/Fom5wmdENL,5,@CBS
0.296,Fri Mar 16 22:53:21 +0000 2018,0.0,0.896,0.104,Stars @JakeMcDorman and Nik Dodani will join the cast in the upcoming revival of Murphy Brown coming to CBS.‚Ä¶ https://t.co/JCAx29lo0i,6,@CBS
0.0,Fri Mar 16 18:15:53 +0000 2018,0.0,1.0,0.0,"RT @thegoodfight: Go behind the scenes with costume designer @DanLawsonStyle in ""Behind The Style,"" a new weekly video series all about the‚Ä¶",7,@CBS
0.6514,Fri Mar 16 16:28:40 +0000 2018,0.0,0.822,0.178,The games have just begun! Continue to stream First Round games LIVE today with a FREE trial of CBS All Access:‚Ä¶ https://t.co/YTGsJ48zYP,8,@CBS
0.7088,Thu Mar 15 17:54:06 +0000 2018,0.0,0.763,0.237,"RT @TheTalkCBS: You asked, we answered! The fun never ends when the ladies #KeepTalking and answer your fan questions üó£üí¨‚û°Ô∏è https://t.co/ie1‚Ä¶",9,@CBS
-0.4939,Thu Mar 15 17:20:26 +0000 2018,0.157,0.766,0.077,RT @instinctcbs: Dr. Dylan Reinhart is lured back into the field from his life of quiet academia when a certain serial killer makes things‚Ä¶,10,@CBS
0.6514,Thu Mar 15 16:42:41 +0000 2018,0.0,0.806,0.194,Stream First Round games LIVE today starting at 12PM ET with a FREE trial of CBS All Access! https://t.co/3P85rXLy4b https://t.co/vZow3YD8cb,11,@CBS
0.6115,Thu Mar 15 14:32:16 +0000 2018,0.0,0.734,0.266,RT @CBSSports: It's the most wonderful time of the year. #MarchMadness https://t.co/e4c9qohqSR,12,@CBS
0.6696,Wed Mar 14 19:30:01 +0000 2018,0.0,0.781,0.219,"Give these ladies some love! @Lauren_Alaina, @DBradbery, @carlypearce, and @RaeLynn are nominated for New Female Vo‚Ä¶ https://t.co/IVhwURfJ3S",13,@CBS
0.3612,Tue Mar 13 18:48:52 +0000 2018,0.0,0.857,0.143,"RT @ManWithAPlan: Hungry for more #ManWithAPlan bloopers and behind-the-scenes videos featuring cast like @matt_leblanc, @thelizasnyder, @k‚Ä¶",14,@CBS
0.539,Tue Mar 13 14:15:10 +0000 2018,0.0,0.821,0.179,"Music stars @MileyCyrus, @edsheeran, @ladygaga, and more will honor the legendary @eltonofficial and his hit songs‚Ä¶ https://t.co/UzxARCCLnI",15,@CBS
0.2244,Mon Mar 12 18:13:28 +0000 2018,0.0,0.917,0.083,RT @thegoodfight: The verdict is in. The new season of #TheGoodFight is üî•üî•üî•! Stream it now on CBS All Access: https://t.co/FkYSNSXlRb https‚Ä¶,16,@CBS
0.0,Mon Mar 12 01:20:43 +0000 2018,0.0,1.0,0.0,"RT @MadamSecretary: In less than an hour, #MadamSecretary's Keith Carradine will be taking over the @MadamSecretary Twitter page! Tweet alo‚Ä¶",17,@CBS
0.4926,Fri Mar 09 22:48:26 +0000 2018,0.0,0.883,0.117,RT @DierksBentley: Take and post a photo of the woman in your life who inspires you daily! Use the hashtag #WomanAmenACM in your post for a‚Ä¶,18,@CBS
0.1275,Fri Mar 09 22:24:20 +0000 2018,0.092,0.795,0.113,"RT @MomCBS: If you missed guest star @KChenoweth in the latest episode of #Mom, not to worry! Watch now: https://t.co/RlvXoGOZ0l https://t.‚Ä¶",19,@CBS
0.4215,Fri Mar 09 21:10:21 +0000 2018,0.0,0.823,0.177,"Give a round of applause to @KelseaBallerini, @MirandaLambert, @Reba, @MarenMorris, and @CarrieUnderwood, the five‚Ä¶ https://t.co/Ncp1BTXx6N",20,@CBS
0.8658,Fri Mar 09 18:27:28 +0000 2018,0.0,0.553,0.447,"RT @thegoodfight: Smart, sexy, and sophisticated. See what's coming this season on #TheGoodFight. https://t.co/CuKhx2G50P https://t.co/ygTI‚Ä¶",21,@CBS
0.0,Fri Mar 09 16:02:27 +0000 2018,0.0,1.0,0.0,RT @BlueBloods_CBS: Even stand-up guys fall down sometimes. #BlueBloods is new tonight at 10/9c! https://t.co/UOlDm22wWW,22,@CBS
0.8625,Thu Mar 08 18:00:49 +0000 2018,0.0,0.664,0.336,Today and every day we celebrate the women in our lives who empower and inspire us. Share a story about an¬†influent‚Ä¶ https://t.co/9rVtqrElvT,23,@CBS
0.4926,Thu Mar 08 17:03:04 +0000 2018,0.0,0.868,0.132,Take and post a photo of the woman in your life who inspires you daily! Use the hashtag #WomanAmenACM in your post‚Ä¶ https://t.co/7ShhvE48zy,24,@CBS
-0.2023,Wed Mar 07 18:39:10 +0000 2018,0.23,0.619,0.15,"RT @thegoodfight: Meticulously constructed. Soapy &amp; sexy. Intoxicating, savage television. üî• Here's what critics are saying about #TheGoodF‚Ä¶",25,@CBS
0.0,Wed Mar 07 17:06:02 +0000 2018,0.0,1.0,0.0,"This just in! @Jason_Aldean, @mirandalambert, @LukeBryanOnline, and many more are set to perform at the 53rd Academ‚Ä¶ https://t.co/mfxw2VxzU4",26,@CBS
0.6705,Tue Mar 06 18:10:59 +0000 2018,0.0,0.756,0.244,"Meet the ensemble of talented actors slated to join $1, a new mystery series coming to CBS All Access:‚Ä¶ https://t.co/QoyYv7vxwg",27,@CBS
0.3818,Mon Mar 05 22:16:43 +0000 2018,0.0,0.833,0.167,"Will @Jason_Aldean, @garthbrooks, @LukeBryanOnline, @ChrisStapleton, or @KeithUrban be named Entertainer Of The Yea‚Ä¶ https://t.co/rMD8zjeX3s",28,@CBS
0.4404,Sun Mar 04 08:05:26 +0000 2018,0.0,0.884,0.116,"RT @thegoodfight: It feels good to be back. üë†üíÑüî• The season 2 premiere of #TheGoodFight is now streaming, exclusively on CBS All Access: htt‚Ä¶",29,@CBS
0.0,Sat Mar 03 20:55:20 +0000 2018,0.0,1.0,0.0,"RT @thegoodfight: Tomorrow, #TheGoodFight is back. Stream the season 2 premiere only on CBS All Access: https://t.co/tNFR8LBJO2 https://t.c‚Ä¶",30,@CBS
0.7096,Fri Mar 02 22:30:01 +0000 2018,0.0,0.753,0.247,"Who are the trailblazing women in your life that inspire you? Join CBS and the ANA's #SeeHer initiative, celebratin‚Ä¶ https://t.co/M0KqZ41Bes",31,@CBS
0.7096,Fri Mar 02 20:30:01 +0000 2018,0.0,0.718,0.282,"Join @maria_bello, @aishatyler and @TeaLeoni in celebrating the accomplishments of women who have contributed to th‚Ä¶ https://t.co/MefESBeFL3",32,@CBS
0.4939,Fri Mar 02 18:45:00 +0000 2018,0.0,0.849,0.151,"In honor of Women's History Month, CBS and the Association of National Advertisers' (ANA) #SeeHer initiative will p‚Ä¶ https://t.co/2wtYxKJVuO",33,@CBS
-0.6981,Thu Mar 01 18:59:01 +0000 2018,0.21,0.79,0.0,RT @ZoeListerJones: Tonight‚Äôs an all new Life In Pieces and it‚Äôs directed by my ride or die @nataliaanderson!!!‚Ä¶ https://t.co/2LPfmyLWrY,34,@CBS
0.4547,Thu Mar 01 18:12:57 +0000 2018,0.092,0.749,0.159,"RT @MarenMorris: Hot damn! Woke up from my post-wisdom teeth haze to find out I‚Äôm up for 4 @ACMawards ! So honored, especially for the Dear‚Ä¶",35,@CBS
0.8591,Thu Mar 01 18:11:50 +0000 2018,0.0,0.462,0.538,RT @KelseaBallerini: Ohhhhh goodness. Incredible. Thank you thank you thank you. #female https://t.co/1ZTYjNfQeF,36,@CBS
0.4885,Thu Mar 01 18:10:50 +0000 2018,0.151,0.615,0.234,RT @KeithUrban: ACMs...... HOLY SMOKES!!!!! MAD LOVE TO U ALL THIS MORNING  FOR THESE INCREDIBLE NOMINATIONS. I‚ÄôM EXTREMELY GRATEFUL!!!!!!!‚Ä¶,37,@CBS
0.5994,Thu Mar 01 14:36:21 +0000 2018,0.0,0.822,0.178,"RT @ACMawards: Congratulations to this year‚Äôs #ACMawards Video of the Year nominees:
‚ÄúBlack‚Äù - @DierksBentley
‚ÄúIt Ain‚Äôt My Fault‚Äù - @Brothe‚Ä¶",38,@CBS
0.7717,Thu Mar 01 14:29:20 +0000 2018,0.0,0.675,0.325,"RT @ACMawards: Please give a round of applause to this year‚Äôs #ACMawards Entertainer of the Year nominees: @Jason_Aldean, @GarthBrooks, @Lu‚Ä¶",39,@CBS
0.6908,Thu Mar 01 14:15:29 +0000 2018,0.0,0.725,0.275,".@ChrisStapleton, @ThomasRhett, @mirandalambert and more are all nominated for awards at Country Music's Party of t‚Ä¶ https://t.co/Vm1vXRUDYJ",40,@CBS
0.0,Thu Mar 01 13:50:11 +0000 2018,0.0,1.0,0.0,"The Queen of Country, @Reba, is returning to host the 53rd #ACMawards on Sunday, April 15 at 8/7c. Here are a few o‚Ä¶ https://t.co/Iqzz6Gql01",41,@CBS
0.0,Thu Mar 01 01:04:52 +0000 2018,0.0,1.0,0.0,RT @survivorcbs: It‚Äôs time! #Survivor https://t.co/YPk6cGWrUA,42,@CBS
0.0,Wed Feb 28 19:56:58 +0000 2018,0.0,1.0,0.0,"RT @CBSThisMorning: TOMORROW: The nominees for the 2018 @ACMawards will be announced live by the one-and-only, @Reba! 

Watch on @CBS in ou‚Ä¶",43,@CBS
0.4404,Wed Feb 28 19:08:30 +0000 2018,0.0,0.884,0.116,"RT @thegoodfight: From the set design and costumes to hair and makeup, the production quality is truly next-level. Take a peek inside the u‚Ä¶",44,@CBS
0.5562,Tue Feb 27 03:23:47 +0000 2018,0.0,0.848,0.152,RT @LivinBiblically: The fun continues on Facebook! The #LivingBiblically cast is live to talk about tonight‚Äôs premiere. Tune in here: http‚Ä¶,45,@CBS
0.0,Mon Feb 26 22:50:32 +0000 2018,0.0,1.0,0.0,"RT @KevinCanWaitCBS: Can you get all the way through these #KevinCanWait bloopers without laughing?! @KevinJames,@LeahRemini and the rest o‚Ä¶",46,@CBS
0.0,Mon Feb 26 21:08:30 +0000 2018,0.0,1.0,0.0,"RT @ACMawards: That‚Äôs right! @Reba is headed to @CBSThisMorning on Thursday, March 1 to announce this year‚Äôs #ACMAwards' nominees. Tune in‚Ä¶",47,@CBS
0.4482,Mon Feb 26 19:53:41 +0000 2018,0.0,0.895,0.105,"RT @ScorpionCBS: You can't hack your way to a 197 IQ, but you are well on your way with these Genius Facts from #TeamScorpion! üíª You can be‚Ä¶",48,@CBS
0.784,Mon Feb 26 18:32:36 +0000 2018,0.0,0.734,0.266,RT @SuperiorDonuts: You can always count on @DavidKoechner for a laugh! Did your favorite Tush moment make the list? Catch a new #SuperiorD‚Ä¶,49,@CBS
0.9359,Mon Feb 26 18:20:16 +0000 2018,0.0,0.571,0.429,RT @TheTalkCBS: TODAY: We loved them together then &amp; we love seeing them together now! Welcome back to the show @THESaraGilbert‚Äã's good fri‚Ä¶,50,@CBS
-0.5423,Mon Feb 26 16:53:56 +0000 2018,0.184,0.816,0.0,"RT @thegoodfight: As foundations begin to crumble, our characters struggle to make sense of this new dystopian world. The cast teases what'‚Ä¶",51,@CBS
0.0,Mon Feb 26 16:52:01 +0000 2018,0.0,1.0,0.0,"#LivingBiblically's @linzkraft and @jrfergjr appeared on @KCBS's Facebook Live this morning, talking all about what‚Ä¶ https://t.co/4RebcHuuMQ",52,@CBS
0.0,Mon Feb 26 16:17:55 +0000 2018,0.0,1.0,0.0,"RT @CBSSports: Introducing CBS Sports HQ, a New 24/7 Direct-to-Consumer Streaming Network for Sports News, Highlights, &amp; Analysis.

Stream‚Ä¶",53,@CBS
0.7644,Mon Feb 26 01:12:32 +0000 2018,0.0,0.769,0.231,"RT @CBSBigBrother: It‚Äôs down to the final 5 celebrity Houseguests, and anyone could take home the grand prize! Tune in NOW to watch the #BB‚Ä¶",54,@CBS
0.0,Sun Feb 25 21:51:32 +0000 2018,0.0,1.0,0.0,RT @startrekcbs: Binge the entire first season of #StarTrekDiscovery. All episodes now streaming exclusively on CBS All Access: https://t.c‚Ä¶,55,@CBS
0.0,Sun Feb 25 21:51:22 +0000 2018,0.0,1.0,0.0,"RT @thegoodfight: #TheGoodFight returns in 1 week. Season 2 premieres Sunday, March 4. https://t.co/nomCao1GWp https://t.co/BOn6bOe9Tb",56,@CBS
0.5093,Fri Feb 23 18:15:40 +0000 2018,0.0,0.845,0.155,RT @thegoodfight: This is our new favorite thing. Christine Baranski debuted #TheGoodFight the Musical on @colbertlateshow last night! üéµüé§‚Ä¶,57,@CBS
0.0,Thu Feb 22 19:26:52 +0000 2018,0.0,1.0,0.0,"RT @LivinBiblically: Confession time: have YOU ever hit the ""close door"" button in an elevator while somebody was approaching? The cast of‚Ä¶",58,@CBS
0.0,Wed Feb 21 19:20:04 +0000 2018,0.0,1.0,0.0,RT @CBSEyeSpeak: Mark your calendars! #CBSEyeSpeak kicks off March 14 with The EYE Speak Summit. Follow our page for more details! https://‚Ä¶,59,@CBS
0.6808,Wed Feb 21 18:19:25 +0000 2018,0.0,0.752,0.248,"RT @CBSEyeSpeak: Proud to announce a new CBS initiative, promoting female empowerment and developing the next generation of leaders through‚Ä¶",60,@CBS
0.4404,Tue Feb 20 19:55:19 +0000 2018,0.0,0.884,0.116,"RT @LivinBiblically: When you're living by the Bible, it's good to have a priest and a rabbi on call (provided they answer their phones, th‚Ä¶",61,@CBS
-0.4019,Tue Feb 20 17:58:18 +0000 2018,0.119,0.881,0.0,"RT @thegoodfight: Chicago lawyers are being hunted and the world is going insane. 

The new season of #TheGoodFight premieres Sunday, March‚Ä¶",62,@CBS
0.3612,Tue Feb 20 17:39:51 +0000 2018,0.0,0.872,0.128,Ready for some larger than life competition? This new series from @MarkBurnettTV will premiere in summer 2018.‚Ä¶ https://t.co/gDXHLdIJ5v,63,@CBS
0.6124,Sat Feb 17 01:07:20 +0000 2018,0.0,0.773,0.227,"With tournament dreams on the line, make sure to stream these college basketball matchups on CBS All Access:‚Ä¶ https://t.co/SGkYUZrQWB",64,@CBS
0.3182,Fri Feb 16 18:42:43 +0000 2018,0.0,0.892,0.108,"RT @LivinBiblically: While Chip's sticking to the Bible's original rules, the cast of #LivingBiblically has given them a more modern makeov‚Ä¶",65,@CBS
0.68,Fri Feb 16 17:48:20 +0000 2018,0.0,0.752,0.248,"Casting News! Peter Mark Kendall, Michael Gaston, Greg Wise, Rade ≈†erbed≈æija, Zack Pearlman, and Keye Chen join the‚Ä¶ https://t.co/GFob2KrD8H",66,@CBS
0.8619,Wed Feb 14 19:23:27 +0000 2018,0.0,0.534,0.466,RT @BullCBS: The verdict is in...#Bull is the perfect Valentine! ‚ù§Ô∏è Happy #ValentinesDay! https://t.co/poEejI4AnC,67,@CBS
0.0,Tue Feb 13 20:03:56 +0000 2018,0.0,1.0,0.0,"RT @NoActivityCBS: Car 27 reporting: Season 2 of #NoActivity coming soon!

Binge season one now on CBS All Access: https://t.co/yvxoQMeyhN‚Ä¶",68,@CBS
0.7506,Tue Feb 13 18:54:52 +0000 2018,0.0,0.748,0.252,"RT @LivinBiblically: Against all odds (and the advice of his God Squad), Chip is determined to live life by the Good Book. Think you could‚Ä¶",69,@CBS
0.0,Mon Feb 12 18:49:45 +0000 2018,0.0,1.0,0.0,RT @thegoodfight: Christine Baranski reflects upon the spectacular metamorphosis of her character in #TheGoodFight's first season. Revisit‚Ä¶,70,@CBS
0.0,Mon Feb 12 01:32:33 +0000 2018,0.0,1.0,0.0,RT @startrekcbs: Binge the entire first season of #StarTrekDiscovery. All 15 episodes now streaming on CBS All Access: https://t.co/lKLaptP‚Ä¶,71,@CBS
0.8478,Fri Feb 09 00:50:01 +0000 2018,0.0,0.696,0.304,RT @SuperiorDonuts: Looking for a #Valentine? Tush is here to help you land your dream date just in time for the day of love! #SuperiorDonu‚Ä¶,72,@CBS
-0.5859,Thu Feb 08 16:09:35 +0000 2018,0.186,0.814,0.0,RT @CBSBigBrother: The pressure is on as the Houseguests battle each other for victory in the first HOH competition. Stream the season prem‚Ä¶,73,@CBS
0.0516,Wed Feb 07 18:35:19 +0000 2018,0.0,0.934,0.066,"RT @startrekcbs: Sunday, this season's epic journey reaches its final reckoning. Catch up before the season finale: https://t.co/4Ea5wpmAep‚Ä¶",74,@CBS
0.5574,Wed Feb 07 16:17:48 +0000 2018,0.152,0.536,0.312,"Are you a sucker for jaw-dropping talent competitions? Announcing The World's Best, a first-of-its-kind new global‚Ä¶ https://t.co/fagCMklm2Z",75,@CBS
0.0,Tue Feb 06 22:21:39 +0000 2018,0.0,1.0,0.0,"RT @BullCBS: Tonight, one of these 3 TAC employees will end up incarcerated. Who do you think it will be? Tune into a new episode of #Bull‚Ä¶",76,@CBS
0.0772,Tue Feb 06 17:05:49 +0000 2018,0.106,0.773,0.121,"RT @thegoodfight: There's no season like lawyer season. #TheGoodFight returns March 4, exclusively on CBS All Access. https://t.co/XAlrg1nB‚Ä¶",77,@CBS
0.0,Sun Feb 04 15:35:36 +0000 2018,0.0,1.0,0.0,"RT @thegoodfight: The acclaimed series returns in 1 month. #TheGoodFight is back Sunday, March 4. https://t.co/5BNLTYRd8p https://t.co/yInP‚Ä¶",78,@CBS
0.1531,Sun Feb 04 12:00:01 +0000 2018,0.0,0.882,0.118,".@KeshaRose's emotional performance with @CyndiLauper, @AndraDayMusic, @BebeRexha and @Camila_Cabello brought the a‚Ä¶ https://t.co/qpgS2e9ir0",79,@CBS
0.0,Sat Feb 03 23:11:43 +0000 2018,0.0,1.0,0.0,Broadway legend Patti LuPone paid tribute to Sir Andrew Lloyd Webber with a show-stopping rendition of the iconic s‚Ä¶ https://t.co/GxqLtUzhFP,80,@CBS
0.8268,Sat Feb 03 12:00:07 +0000 2018,0.0,0.662,0.338,"Relive an entire night's worth of big wins, live performances and many more inspiring moments from The 60th Annual‚Ä¶ https://t.co/CH7mJ4Y3QT",81,@CBS
-0.0772,Fri Feb 02 22:36:13 +0000 2018,0.075,0.925,0.0,RT @swatcbs: ‚ú®@TheTalkCBS' @TheRealEve and @ShemarMoore brought some serious heat to the GRAMMYs red carpet: https://t.co/WYTITKkLQd https:‚Ä¶,82,@CBS
0.4019,Fri Feb 02 20:07:40 +0000 2018,0.0,0.856,0.144,"The all-star collaboration between @Rihanna, @DJKhaled and @brysontiller brought the party to the #GRAMMYs with a s‚Ä¶ https://t.co/jTv5QbtgUp",83,@CBS
0.4003,Fri Feb 02 19:03:33 +0000 2018,0.0,0.876,0.124,RT @TheTalkCBS: All the #redcarpet looks from the 60th annual #GRAMMYs! Did you catch @TheRealEve's sparkly two-piece suit? Diamond accents‚Ä¶,84,@CBS
0.6114,Fri Feb 02 17:23:18 +0000 2018,0.0,0.834,0.166,Go backstage with the celebs and see which stars celebrated the big night together! Here are the moments you missed‚Ä¶ https://t.co/rgQTXRQyLg,85,@CBS
0.0,Thu Feb 01 22:04:41 +0000 2018,0.0,1.0,0.0,üé∂ @DearEvanHansen star Ben Platt gave a soaring performance of a classic Broadway hit. Watch him perform 'Somewhere‚Ä¶ https://t.co/HcuizFWo02,86,@CBS
0.0,Thu Feb 01 20:09:49 +0000 2018,0.0,1.0,0.0,"üé∏ @LittleBigTown, @U2, @BrunoMars and @Pink are just a few of the superstar performers that lit up the stage at The‚Ä¶ https://t.co/2v0MNYMItG",87,@CBS
0.1139,Wed Jan 31 21:42:15 +0000 2018,0.0,0.912,0.088,"Don't miss country stars Emmylou Harris and @ChrisStapleton perform a moving rendition of @TomPetty's classic song,‚Ä¶ https://t.co/GxoIW97XIu",88,@CBS
0.1007,Wed Jan 31 17:05:47 +0000 2018,0.115,0.75,0.135,RT @survivorcbs: Get excited! üôå It‚Äôs finally time to meet the castaways of #Survivor: Ghost Island ‚ò† https://t.co/xQQ8ROhKbM https://t.co/P‚Ä¶,89,@CBS
0.4588,Wed Jan 31 16:37:17 +0000 2018,0.0,0.812,0.188,"Country stars @EricChurch, @BrothersOsborne and @MarenMorris performed a touching tribute dedicated to the victims‚Ä¶ https://t.co/YCIq9i70fd",90,@CBS
0.1779,Wed Jan 31 06:55:30 +0000 2018,0.095,0.779,0.126,Missed the Man vs. Beast #SuperBowlCommercials showdown? Catch up now to find out which entertaining ad was named t‚Ä¶ https://t.co/SlyO0n7yMX,91,@CBS
-0.2263,Wed Jan 31 02:15:16 +0000 2018,0.252,0.569,0.179,"RT @rikimae: Ok, that one makes me cry #superbowlcommercials",92,@CBS
-0.4767,Wed Jan 31 01:58:40 +0000 2018,0.256,0.744,0.0,"If this doesn‚Äôt make you cry, nothing will. #SuperBowlCommercials https://t.co/UjFf3xr4so",93,@CBS
0.4939,Wed Jan 31 01:52:46 +0000 2018,0.119,0.625,0.256,"RT @maverickkr: #superbowlcommercials the frogs were great, I'd forgotten about that one.",94,@CBS
0.5093,Wed Jan 31 01:49:43 +0000 2018,0.0,0.81,0.19,"If you haven't voted yet, it's not too late! Choose your favorite here: https://t.co/s4pEIF5IX8‚Ä¶ https://t.co/VCa1YHDyYy",95,@CBS
0.8261,Wed Jan 31 01:31:27 +0000 2018,0.0,0.566,0.434,RT @5691e44f3b66446: I am having so much fun ...the commercials are awesome #superbowlcommercials,96,@CBS
0.8309,Wed Jan 31 01:29:10 +0000 2018,0.0,0.586,0.414,RT @LittleShelbyMae: Love watching the #superbowlcommercials all the animal ones are my favorite!!,97,@CBS
0.6588,Wed Jan 31 01:24:16 +0000 2018,0.0,0.614,0.386,RT @PatHale915: Doritos time machine was great!   #superbowlcommercials,98,@CBS
-0.5106,Wed Jan 31 01:18:37 +0000 2018,0.398,0.602,0.0,Never make a goat angry. #SuperBowlCommercials https://t.co/xRJssdAErk,99,@CBS
-0.8176,Mon Mar 19 03:30:52 +0000 2018,0.366,0.634,0.0,Terrifying video shows people being violently thrown into the air after a ski lift malfunctioned‚Ä¶ https://t.co/1S5IoiiERM,0,@CNN
0.0,Mon Mar 19 03:30:46 +0000 2018,0.0,1.0,0.0,"Neanderthals, Denisovans and our ancestors were mixing and mingling a long time ago -- and some of our genetics can‚Ä¶ https://t.co/rndNdS65nD",1,@CNN
-0.6956,Mon Mar 19 03:01:39 +0000 2018,0.264,0.736,0.0,"Two men were transported to a hospital with serious but non-life threatening injuries after an explosion in Austin,‚Ä¶ https://t.co/NuZhaTm61J",2,@CNN
-0.6486,Mon Mar 19 03:00:12 +0000 2018,0.218,0.782,0.0,Snapchat lost $800 million after Rihanna tore into the company for allowing an offensive ad to appear on its app‚Ä¶ https://t.co/KruFeFQZKa,3,@CNN
-0.34,Mon Mar 19 02:58:43 +0000 2018,0.107,0.893,0.0,The president of Mauritius and Africa's only female head of state will resign this week over claims she used a cred‚Ä¶ https://t.co/R4k1vjYev7,4,@CNN
0.0,Mon Mar 19 02:47:51 +0000 2018,0.0,1.0,0.0,Austin police and EMS on Sunday evening confirmed a reported explosion on Dawn Song Drive. Two males in their 20s w‚Ä¶ https://t.co/Gq40RBNHO6,5,@CNN
-0.765,Mon Mar 19 02:43:43 +0000 2018,0.423,0.577,0.0,SXSW bomb threat forces cancellation of The Roots concert https://t.co/iiG06EdMl7 https://t.co/0pHB5QR0qR,6,@CNN
-0.2023,Mon Mar 19 02:37:03 +0000 2018,0.096,0.904,0.0,"Facebook is looking into ties between one of its current employees and Cambridge Analytica, the controversial data‚Ä¶ https://t.co/al9SJD85FR",7,@CNN
0.624,Mon Mar 19 02:30:33 +0000 2018,0.0,0.786,0.214,Is this Japan's most charming winter village? Take a glance at Ginzan Onsen with @CNNTravel https://t.co/bFDsroT3lp https://t.co/MKHQhGmy9s,8,@CNN
0.0,Mon Mar 19 02:30:04 +0000 2018,0.0,1.0,0.0,"EPA Administrator Scott Pruitt is posturing for higher political office, including a possible run for president in‚Ä¶ https://t.co/tXb3VmdYvQ",9,@CNN
-0.4767,Mon Mar 19 02:13:05 +0000 2018,0.171,0.829,0.0,Health workers in Pakistan vaccinating children against polio have come under attack in recent years https://t.co/44SHGRekTU,10,@CNN
0.2732,Mon Mar 19 02:12:25 +0000 2018,0.0,0.896,0.104,"Imagine driving your supercar right into your apartment, and leaving it parked there. Well, for uber-rich car colle‚Ä¶ https://t.co/aSifcnPkkj",11,@CNN
0.0,Mon Mar 19 02:00:17 +0000 2018,0.0,1.0,0.0,Take a look at the week in politics https://t.co/Q9theohIXy https://t.co/4YU5MsvNn9,12,@CNN
0.0772,Mon Mar 19 01:56:57 +0000 2018,0.0,0.929,0.071,Politicians on both sides of the Atlantic want answers after Facebook's latest controversy involving the 2016 elect‚Ä¶ https://t.co/jWu1tLkf4D,13,@CNN
0.0,Mon Mar 19 01:49:51 +0000 2018,0.0,1.0,0.0,"Neanderthals, Denisovans and our ancestors were mixing and mingling a long time ago -- and some of our genetics can‚Ä¶ https://t.co/XevkapB6z2",14,@CNN
0.0,Mon Mar 19 01:40:06 +0000 2018,0.0,1.0,0.0,A helicopter carrying Ivanka Trump and Jared Kushner had to return to an airport in Washington on Thursday after on‚Ä¶ https://t.co/h2w9ddnBxq,15,@CNN
0.0,Mon Mar 19 01:31:23 +0000 2018,0.0,1.0,0.0,A fourth winter storm in three weeks is expected to hit New England and the mid-Atlantic this week‚Ä¶ https://t.co/0m05qh1W3C,16,@CNN
-0.4939,Mon Mar 19 01:30:07 +0000 2018,0.286,0.714,0.0,Deck collapse at Georgia bar injures 14 https://t.co/6hdlsfgTOT https://t.co/jYAj42ACAF,17,@CNN
-0.1027,Mon Mar 19 01:15:05 +0000 2018,0.113,0.887,0.0,Illinois Democratic congressman being challenged on left by political newcomer https://t.co/GwOt2aHtZP https://t.co/dQKCzvoSip,18,@CNN
-0.296,Mon Mar 19 01:00:06 +0000 2018,0.136,0.864,0.0,Pennsylvania man and teen found in Mexico almost 2 weeks after they went missing https://t.co/54FQYYQeKo https://t.co/vDjVFlOcAl,19,@CNN
0.2732,Mon Mar 19 00:45:24 +0000 2018,0.0,0.896,0.104,"Imagine driving your supercar right into your apartment, and leaving it parked there. Well, for uber-rich car colle‚Ä¶ https://t.co/hV4iIOEfmY",20,@CNN
-0.2263,Mon Mar 19 00:45:03 +0000 2018,0.091,0.909,0.0,"""We are the forgotten people"": It's been almost six months since Hurricane Maria, and Puerto Ricans are still dying‚Ä¶ https://t.co/PJHgI19Xt6",21,@CNN
0.4497,Mon Mar 19 00:30:12 +0000 2018,0.0,0.78,0.22,"President Trump's approval rating improves slightly, but it is still underwater, according to a new poll‚Ä¶ https://t.co/ywKQRgaEyo",22,@CNN
-0.6369,Mon Mar 19 00:15:42 +0000 2018,0.234,0.766,0.0,"Cirque du Soleil performer Yann Arnaud has died after falling during a performance in Tampa, Florida. The company s‚Ä¶ https://t.co/NmEJu7rTfZ",23,@CNN
0.25,Mon Mar 19 00:04:30 +0000 2018,0.212,0.481,0.308,9/11 hero who saved hundreds dies of cancer at age 45 https://t.co/dlfBZn3RZK https://t.co/CeYg36AdPu,24,@CNN
0.6249,Mon Mar 19 00:00:13 +0000 2018,0.0,0.773,0.227,"President Trump's ""great day for democracy"" smacks of dictatorship, writes Dean Obeidallah for @CNNOpinion‚Ä¶ https://t.co/HYJD2So2UB",25,@CNN
0.0,Sun Mar 18 23:45:05 +0000 2018,0.0,1.0,0.0,"Austin bombs were ""meant to send a message,"" authorities believe https://t.co/j8o61TukbV https://t.co/ImurMjiy0n",26,@CNN
0.0,Sun Mar 18 23:30:17 +0000 2018,0.0,1.0,0.0,University of Maryland-Baltimore County ‚Äî hoops' historic Cinderella ‚Äî is also scoring points on Twitter‚Ä¶ https://t.co/cWGobVvQKo,27,@CNN
-0.2732,Sun Mar 18 23:15:07 +0000 2018,0.21,0.634,0.156,"The footbridge in Florida was built to save lives. Instead, it left 6 dead. https://t.co/pY5inf1jW1 https://t.co/3Qe37eNDBC",28,@CNN
0.4404,Sun Mar 18 23:00:05 +0000 2018,0.0,0.854,0.146,"Every job is safe in the White House ‚Äî until it's not, writes Alice Stewart for @CNNOpinion https://t.co/xPEhpOLMMw https://t.co/f2CG3BOa2g",29,@CNN
0.0,Sun Mar 18 22:45:04 +0000 2018,0.0,1.0,0.0,The race to fund the government is on (again) https://t.co/TKARvbsay8 https://t.co/ZgPAYSAXjf,30,@CNN
0.0258,Sun Mar 18 22:30:04 +0000 2018,0.282,0.552,0.166,Republicans warn President Trump to leave special counsel Robert Mueller alone https://t.co/H6iLX79hm6 https://t.co/4BcVFuzdgu,31,@CNN
-0.743,Sun Mar 18 22:15:10 +0000 2018,0.326,0.674,0.0,Doors-off helicopters tours were all the rage ‚Äî until a deadly crash in New York https://t.co/q7zp0osfYn https://t.co/3PaLaqDomn,32,@CNN
-0.8225,Sun Mar 18 22:00:17 +0000 2018,0.487,0.513,0.0,Two polio workers killed in attack in Pakistan https://t.co/rrKIfHeGr2 https://t.co/CItpzvXvLe,33,@CNN
0.0,Sun Mar 18 21:45:09 +0000 2018,0.0,1.0,0.0,UK diplomat cites proof that Russia stockpiled nerve agent https://t.co/4BvhWnJgi6 https://t.co/caNbf6dXMk,34,@CNN
0.0,Sun Mar 18 21:30:03 +0000 2018,0.0,1.0,0.0,Cirque du Soleil performer dies after fall in Florida https://t.co/Fbv4prNrfA https://t.co/H25Souhtzr,35,@CNN
0.0,Sun Mar 18 21:15:16 +0000 2018,0.0,1.0,0.0,Do you know why a conclave uses white smoke to declare a new pope? Go back 700 years to the beginning of this tradi‚Ä¶ https://t.co/6qsLUvGBSo,36,@CNN
0.5994,Sun Mar 18 21:00:13 +0000 2018,0.0,0.795,0.205,"""If you have an innocent client, Mr. Dowd, act like it."" Rep. Trey Gowdy bristles at President Trump's attorney, Jo‚Ä¶ https://t.co/GfwKYMPhpe",37,@CNN
0.6249,Sun Mar 18 20:45:07 +0000 2018,0.105,0.568,0.328,President Trump sure looks like he is planning to fire special counsel Robert Mueller https://t.co/6rV6Mix7GT | Ana‚Ä¶ https://t.co/dSORnCROuW,38,@CNN
-0.34,Sun Mar 18 20:30:07 +0000 2018,0.194,0.806,0.0,Africa's only female president will resign over expense claims https://t.co/KYKLXZMMeq https://t.co/GsWCHesOsc,39,@CNN
0.0,Sun Mar 18 20:22:05 +0000 2018,0.0,1.0,0.0,"JUST IN: Facebook is looking into ties between one of its current employees and Cambridge Analytica, the controvers‚Ä¶ https://t.co/iYL5gVWTMz",40,@CNN
0.2263,Sun Mar 18 20:15:09 +0000 2018,0.0,0.826,0.174,Powerball jackpot ticket worth $457M sold in Pennsylvania https://t.co/ePPiUzVzdx https://t.co/HZMWqjWqtZ,41,@CNN
0.0,Sun Mar 18 20:00:16 +0000 2018,0.0,1.0,0.0,President Trump spending spree may speed up the Federal Reserve https://t.co/Q9owTuJVbd https://t.co/PzdtEHWFU9,42,@CNN
0.1872,Sun Mar 18 19:45:00 +0000 2018,0.068,0.837,0.094,"""This is the Trump party right now. I'm just not sure it will be two years from now."" GOP Sen. Jeff Flake says he h‚Ä¶ https://t.co/D37Z4CmSLx",43,@CNN
-0.0516,Sun Mar 18 19:30:09 +0000 2018,0.107,0.893,0.0,Turkish troops seize Syrian town center from Kurdish fighters https://t.co/e9GssK0QFA https://t.co/ZFFpmMYyWp,44,@CNN
0.0,Sun Mar 18 19:15:06 +0000 2018,0.0,1.0,0.0,"Representatives of North Korea, South Korea and the US are set to meet in Finland https://t.co/KFO0uJVPf1 https://t.co/nBL5vWuROq",45,@CNN
0.296,Sun Mar 18 19:00:12 +0000 2018,0.0,0.833,0.167,Sweden helping negotiate release of Americans held in North Korea https://t.co/mq4bWXVZgw https://t.co/qHpOxTvdeG,46,@CNN
0.0,Sun Mar 18 18:45:05 +0000 2018,0.0,1.0,0.0,Inside the Democrats' efforts to elect more Conor Lambs https://t.co/YGvihZU8E5 https://t.co/r6opUgLzEy,47,@CNN
0.0,Sun Mar 18 18:30:09 +0000 2018,0.0,1.0,0.0,Massachusetts Attorney General Maura Healey says her office is investigating Facebook and Cambridge Analytica‚Ä¶ https://t.co/uSg1vHGpVy,48,@CNN
0.0,Sun Mar 18 18:18:44 +0000 2018,0.0,1.0,0.0,"Exit polls are not final, and official results will be released in the coming hours. Follow latest updates here: https://t.co/kqiO2BXshz",49,@CNN
-0.6486,Sun Mar 18 18:17:50 +0000 2018,0.238,0.762,0.0,"Putin's critics have slammed the election as unfair, citing the Kremlin's tight control over the media, quelling of‚Ä¶ https://t.co/IxD1hdGbCr",50,@CNN
0.0,Sun Mar 18 18:15:52 +0000 2018,0.0,1.0,0.0,Putin has dominated Russian politics for 18 years and was already the country's longest-serving leader since Soviet‚Ä¶ https://t.co/OMDcDeV0Dk,51,@CNN
-0.5574,Sun Mar 18 18:15:05 +0000 2018,0.265,0.735,0.0,Israeli military destroys Gaza tunnel and underground military complex https://t.co/q7f04inCBs https://t.co/egru0qrOvB,52,@CNN
0.0,Sun Mar 18 18:09:34 +0000 2018,0.0,1.0,0.0,"BREAKING NEWS: Vladimir Putin will rule Russia for another 6 years, exit polls show, after a muted election campaig‚Ä¶ https://t.co/2A6i8AImXo",53,@CNN
0.0,Sun Mar 18 18:00:12 +0000 2018,0.0,1.0,0.0,Companies use fingerprints and digital behavior to ID employees https://t.co/7x0yZkk3Kj https://t.co/sGoRoutc6R,54,@CNN
0.5719,Sun Mar 18 17:45:04 +0000 2018,0.0,0.829,0.171,Voters in Russia are casting their ballots in a presidential election widely expected to be won by incumbent Vladim‚Ä¶ https://t.co/PbmGiRCqEq,55,@CNN
-0.7506,Sun Mar 18 17:30:20 +0000 2018,0.367,0.524,0.11,"With a pause to pray, rescuers retrieve last of 6 killed in bridge collapse https://t.co/wZ9zMJ8A6W https://t.co/pVTU4owtHz",56,@CNN
0.0,Sun Mar 18 17:15:10 +0000 2018,0.0,1.0,0.0,President Trump's opioid plan expected to roll out Monday will likely include stiffer penalties for drug trafficker‚Ä¶ https://t.co/c2ycz4j4Tb,57,@CNN
-0.2924,Sun Mar 18 17:00:03 +0000 2018,0.103,0.897,0.0,"""We can't in Congress accept that."" Republican Sen. Jeff Flake says he expects pushback from his colleagues over Pr‚Ä¶ https://t.co/4TBfVxgYgM",58,@CNN
-0.0516,Sun Mar 18 16:45:03 +0000 2018,0.128,0.752,0.119,"President Trump keeps up attacks on special counsel Robert Mueller, former FBI Deputy Director Andrew McCabe and fo‚Ä¶ https://t.co/ZyPF26aNo1",59,@CNN
-0.5574,Sun Mar 18 16:30:10 +0000 2018,0.365,0.635,0.0,Trade fights loom over G20 meeting in Argentina https://t.co/n00SdSi72f https://t.co/n3r9uVuYS2,60,@CNN
-0.4118,Sun Mar 18 16:15:10 +0000 2018,0.155,0.845,0.0,"The Andrew McCabe I knew will move on from this firing, writes James Gagliano for @CNNOpinion‚Ä¶ https://t.co/0wvnM4Qxl2",61,@CNN
0.0,Sun Mar 18 16:00:00 +0000 2018,0.0,1.0,0.0,Republican Sen. Rand Paul says he'll take all necessary steps to oppose President Trump's nominees for secretary of‚Ä¶ https://t.co/mtuJfWiRD4,62,@CNN
0.0,Sun Mar 18 15:45:11 +0000 2018,0.121,0.759,0.121,"There's trouble in store for President Trump if special counsel Robert Mueller meets porn star Stormy Daniels, writ‚Ä¶ https://t.co/Fwz0emU8lA",63,@CNN
0.0,Sun Mar 18 15:30:00 +0000 2018,0.0,1.0,0.0,"""As I said before, if he tried to do that, that would be the beginning of the end of his presidency."" Republican Se‚Ä¶ https://t.co/uKzfZr1gbG",64,@CNN
0.7845,Sun Mar 18 15:15:08 +0000 2018,0.0,0.67,0.33,"Former FBI Director James Comey's book is already a best seller, with President Trump's help https://t.co/FT3KulWgrQ https://t.co/FVrKQRBr12",65,@CNN
-0.5574,Sun Mar 18 15:00:23 +0000 2018,0.159,0.841,0.0,Fired FBI Deputy Director Andrew McCabe's memos on his interactions with President Trump are in the hands of specia‚Ä¶ https://t.co/ZdOkqU2oZI,66,@CNN
-0.2732,Sun Mar 18 14:30:12 +0000 2018,0.084,0.916,0.0,About half of all plants and animals in 35 of the world's most biodiverse places are at risk of extinction due to c‚Ä¶ https://t.co/tV3TaO8g4i,67,@CNN
0.4019,Sun Mar 18 14:01:00 +0000 2018,0.0,0.876,0.124,"This high school in Anchorage, Alaska, is using the sound of real gunfire to prepare students for active shooters‚Ä¶ https://t.co/5hvgxbECZk",68,@CNN
-0.5574,Sun Mar 18 13:46:27 +0000 2018,0.153,0.847,0.0,"If President Trump fired Robert Mueller, ‚Äúthat would be the beginning of the end of his presidency, because we are‚Ä¶ https://t.co/NOuLxDa3lp",69,@CNN
0.4019,Sun Mar 18 13:39:22 +0000 2018,0.0,0.876,0.124,Sen. Lindsey Graham says Sen. Rand Paul is ‚Äúan outlier‚Äù within the Republican Party for opposing the nominations of‚Ä¶ https://t.co/xTNb5tzzaW,70,@CNN
-0.4404,Sun Mar 18 13:31:14 +0000 2018,0.127,0.873,0.0,"Sen. Rand Paul says he‚Äôll ‚Äúdo whatever it takes‚Äù to block the appointments of Gina Haspel and Mike Pompeo, includin‚Ä¶ https://t.co/efOKOkv7EQ",71,@CNN
0.7184,Sun Mar 18 13:31:00 +0000 2018,0.077,0.662,0.261,"This Waffle House waitress took time to cut an elderly customer's ham, and the kind act won her a college scholarsh‚Ä¶ https://t.co/RlUub2cj29",72,@CNN
0.0772,Sun Mar 18 13:22:13 +0000 2018,0.126,0.733,0.141,Sen. Rand Paul says he ‚Äúwouldn‚Äôt advocate‚Äù President Trump fire special counsel Robert Mueller #CNNSOTU https://t.co/cmnImqJBZr,73,@CNN
0.6908,Sun Mar 18 13:17:39 +0000 2018,0.0,0.739,0.261,"‚ÄúPeople want to remember the Republican party as the decent party. And it is not right now,‚Äù says Sen. Jeff Flake,‚Ä¶ https://t.co/K0rMLATMqI",74,@CNN
0.0,Sun Mar 18 13:15:38 +0000 2018,0.0,1.0,0.0,GOP Sen. Jeff Flake says President Trump going after Robert Mueller is a ‚Äúred line‚Äù #CNNSOTU https://t.co/WUTAZCJVze,75,@CNN
0.0772,Sun Mar 18 13:10:47 +0000 2018,0.104,0.779,0.117,Sen. Jeff Flake on whether President Trump is laying groundwork to fire special counsel Robert Mueller: ‚ÄúI just hop‚Ä¶ https://t.co/3LwVWlVlZb,76,@CNN
0.2732,Sun Mar 18 13:00:19 +0000 2018,0.0,0.905,0.095,"""People who boast about their IQ are losers.""

As well as being one of the world's most renowned scientists, Stephe‚Ä¶ https://t.co/DDWzSZOG0i",77,@CNN
-0.6486,Sun Mar 18 12:30:07 +0000 2018,0.218,0.782,0.0,Snapchat lost $800 million after Rihanna tore into the company for allowing an offensive ad to appear on its app‚Ä¶ https://t.co/rQI00P64jG,78,@CNN
0.0,Sun Mar 18 12:01:06 +0000 2018,0.0,1.0,0.0,Juul e-cigarettes are high-nicotine devices that closely resemble flash drives. They've become a sensation among te‚Ä¶ https://t.co/VsFfXf5f0Y,79,@CNN
0.0,Sun Mar 18 11:31:00 +0000 2018,0.0,1.0,0.0,"Google cofounder Larry Page's flying taxi takes to the skies in New Zealand, billed as a self-piloting, zero-emissi‚Ä¶ https://t.co/bzLr7IE9Mm",80,@CNN
-0.7783,Sun Mar 18 11:00:10 +0000 2018,0.298,0.702,0.0,Two women were arrested after allegedly stealing items from a mosque and broadcasting the whole episode on Facebook‚Ä¶ https://t.co/wV1pz9swEf,81,@CNN
-0.4215,Sun Mar 18 10:30:00 +0000 2018,0.214,0.685,0.101,"Rep. Eric Swalwell on McCabe's firing: ""To me, being a former prosecutor, it looks like they're trying to dirty him‚Ä¶ https://t.co/8I03KPrN7z",82,@CNN
-0.2023,Sun Mar 18 10:00:02 +0000 2018,0.087,0.913,0.0,"Rep. Eric Swalwell says the termination of former FBI Deputy Director Andrew McCabe is a ""petty act"" and intended t‚Ä¶ https://t.co/TBLzic08tl",83,@CNN
0.5318,Sun Mar 18 09:31:00 +0000 2018,0.0,0.826,0.174,"Munich, Germany, is a long way from the ocean and it's pretty darn cold this time of year, but that doesn't stop so‚Ä¶ https://t.co/I0eQJMLsXZ",84,@CNN
-0.34,Sun Mar 18 09:00:01 +0000 2018,0.118,0.882,0.0,Former Nixon White House counsel John Dean on Attorney General Jeff Sessions firing ex-FBI Deputy Director Andrew M‚Ä¶ https://t.co/7873q0V3ER,85,@CNN
0.0,Sun Mar 18 08:30:09 +0000 2018,0.0,1.0,0.0,Former FBI deputy director Andrew McCabe tells CNN's Pamela Brown that the Republican memo from the House Intellige‚Ä¶ https://t.co/hlMElI1kit,86,@CNN
-0.6808,Sun Mar 18 08:00:12 +0000 2018,0.237,0.763,0.0,Attorney General Jeff Sessions fired former FBI Deputy Director Andrew McCabe less than two days shy of McCabe's re‚Ä¶ https://t.co/K0ogALuajv,87,@CNN
-0.2023,Sun Mar 18 07:31:00 +0000 2018,0.168,0.701,0.131,"Construction of Disney's much-anticipated Star Wars attractions is underway. The lands called ""Galaxy's Edge"" are s‚Ä¶ https://t.co/4xo0szNxyV",88,@CNN
0.0,Sun Mar 18 07:00:00 +0000 2018,0.0,1.0,0.0,"Tapper: You say your client, Stormy Daniels, felt ‚Äúphysically threatened‚Äù to stay silent about what she knew about‚Ä¶ https://t.co/Oj8O4YPqAK",89,@CNN
-0.4767,Sun Mar 18 06:30:03 +0000 2018,0.162,0.838,0.0,"Russia has attempted to attack targets that include ""energy, nuclear, commercial facilities, water, aviation, and c‚Ä¶ https://t.co/bFctA9GmSN",90,@CNN
0.0,Sun Mar 18 06:15:05 +0000 2018,0.0,1.0,0.0,"Flashback! Nancy Pelosi, age 20, meets JFK at the 1960 DNC. There‚Äôs lots more rare footage on #TheKennedys tonight‚Ä¶ https://t.co/IW1lRfTatX",91,@CNN
-0.8176,Sun Mar 18 05:45:47 +0000 2018,0.366,0.634,0.0,Terrifying video shows people being violently thrown into the air after a ski lift malfunctioned‚Ä¶ https://t.co/oVcXvJVZGP,92,@CNN
0.5709,Sun Mar 18 05:31:00 +0000 2018,0.0,0.85,0.15,Longjing tea is a specialty in Hangzhou and considered one of the most prized tea leaves in China. The quality of t‚Ä¶ https://t.co/DEE0gkNC0W,93,@CNN
0.0,Sun Mar 18 05:09:32 +0000 2018,0.0,1.0,0.0,"Nearly two weeks after a 16-year-old Pennsylvania girl vanished with a 45-year-old man, the pair was found Saturday‚Ä¶ https://t.co/TJoY1NTZs1",94,@CNN
-0.6486,Sun Mar 18 05:00:03 +0000 2018,0.218,0.782,0.0,Snapchat lost $800 million after Rihanna tore into the company for allowing an offensive ad to appear on its app‚Ä¶ https://t.co/IgWzdTNSwz,95,@CNN
0.296,Sun Mar 18 04:31:05 +0000 2018,0.0,0.885,0.115,"A majority of the US should expect warmer than average temperatures this spring, especially across the Southwest an‚Ä¶ https://t.co/Uz2jBgvp7V",96,@CNN
-0.2263,Sun Mar 18 04:01:05 +0000 2018,0.091,0.909,0.0,"""We are the forgotten people"": It's been almost six months since Hurricane Maria, and Puerto Ricans are still dying‚Ä¶ https://t.co/2vAFG2WkxS",97,@CNN
0.0,Sun Mar 18 03:30:07 +0000 2018,0.0,1.0,0.0,A custodian at a school in South Carolina stole $180 from students' book bags while they participated in the Nation‚Ä¶ https://t.co/DKFFWmDKx8,98,@CNN
-0.2732,Sun Mar 18 03:00:15 +0000 2018,0.104,0.896,0.0,"The lawyer representing Stormy Daniels, the porn star suing President Trump, says that she has faced physical threa‚Ä¶ https://t.co/LHYeQhPBuZ",99,@CNN
0.6059,Mon Mar 19 03:49:00 +0000 2018,0.0,0.729,0.271,".@DiamondandSilk: ""We believe in God. We are Christians. We shouldn't be mocked. We shouldn't be accused of anythin‚Ä¶ https://t.co/i9uvXKvP8g",0,@FoxNews
-0.128,Mon Mar 19 03:45:00 +0000 2018,0.239,0.618,0.143,".@RepGoodlatte: ""There is a serious problem with several people who were - and I'm thankful to say are no longer -‚Ä¶ https://t.co/jFAzL9Gs9E",1,@FoxNews
0.0,Mon Mar 19 03:43:07 +0000 2018,0.0,1.0,0.0,"""Stay inside and give us time.""

@chief_manley issues this message after a reported explosion in southwestern Austi‚Ä¶ https://t.co/V9UAtFvBwo",2,@FoxNews
0.0,Mon Mar 19 03:34:00 +0000 2018,0.0,1.0,0.0,".@RepGoodlatte: ""We need more documents and we need them now."" https://t.co/ocJgAfo1ib",3,@FoxNews
0.4019,Mon Mar 19 03:32:00 +0000 2018,0.0,0.863,0.137,.@TheRealJohnHCox: ‚ÄúI call the Democrats‚Äã out in California here the Thelma and Louise party. They‚Äôre joining hands‚Ä¶ https://t.co/wZVtC6q99c,4,@FoxNews
0.0,Mon Mar 19 03:30:00 +0000 2018,0.0,1.0,0.0,"Jim Carrey slammed for 'disgraceful,' garish portrait of Sarah Sanders https://t.co/lC41BcaMXa",5,@FoxNews
-0.8074,Mon Mar 19 03:26:00 +0000 2018,0.454,0.546,0.0,Michigan sheriff deputy and father of 11 loses finger in freak accident https://t.co/IinEgAnkqV,6,@FoxNews
-0.34,Mon Mar 19 03:20:00 +0000 2018,0.13,0.87,0.0,"Australian officials deny claims MH370 can be seen from the air, was riddled with bullet holes https://t.co/hh3HO7wGEl",7,@FoxNews
0.0,Mon Mar 19 03:14:00 +0000 2018,0.0,1.0,0.0,".@MZHemingway: ""Andrew McCabe was under investigation before @realDonaldTrump was even taking office."" https://t.co/ilqojOauzE",8,@FoxNews
0.0,Mon Mar 19 03:07:00 +0000 2018,0.0,1.0,0.0,Faith-based film ‚ÄòI Can Only Imagine‚Äô hits big with $17.1 million launch https://t.co/FmucZywuR6,9,@FoxNews
0.0,Mon Mar 19 03:00:01 +0000 2018,0.0,1.0,0.0,".@cvpayne: ""6.3 million job openings right now - by far an all-time record."" https://t.co/OcCbUxx1Bb",10,@FoxNews
-0.875,Mon Mar 19 02:48:27 +0000 2018,0.647,0.353,0.0,Police: Suspect accused of fatally stabbing 2 men was drunk https://t.co/A7fQsm9cPr,11,@FoxNews
0.0,Mon Mar 19 02:44:34 +0000 2018,0.0,1.0,0.0,"Larry P. Arnn: ""The government increasingly looks at us as subject of an engineering project."" https://t.co/Q89oTIXxZn",12,@FoxNews
-0.5994,Mon Mar 19 02:40:12 +0000 2018,0.362,0.537,0.101,"Katy Perry legal battle has left me broke, nun says https://t.co/j50rcCuent",13,@FoxNews
-0.6249,Mon Mar 19 02:35:12 +0000 2018,0.317,0.683,0.0,At least 2 men seriously hurt after reported explosion in Austin neighborhood https://t.co/UrBTtDXXyq https://t.co/UoAgwq4NKP,14,@FoxNews
-0.4019,Mon Mar 19 02:27:33 +0000 2018,0.231,0.769,0.0,"JUST IN: Explosion reported in Austin, at least 2 injured https://t.co/6pBw7TKAvV",15,@FoxNews
0.0,Mon Mar 19 02:27:12 +0000 2018,0.0,1.0,0.0,Teen loaning out prom dress on Twitter sparks a social media movement https://t.co/hiVlN6umF4,16,@FoxNews
0.5267,Mon Mar 19 02:23:27 +0000 2018,0.0,0.747,0.253,'Batman' who ate Chipotle for 500 days straight says he's ready for something new https://t.co/hbrSEFdmWs,17,@FoxNews
0.0,Mon Mar 19 02:22:27 +0000 2018,0.0,1.0,0.0,"Larry P. Arnn: ""People are made, in their nature, to live under law. But now there has to be a limit on the law."" https://t.co/t3k0buCpOb",18,@FoxNews
-0.5994,Mon Mar 19 02:13:47 +0000 2018,0.262,0.738,0.0,Cirque du Soleil aerialist plunges to his death during Tampa performance https://t.co/wAYHwMejXo,19,@FoxNews
0.2732,Mon Mar 19 02:11:39 +0000 2018,0.0,0.909,0.091,"Larry P. Arnn on the creation of the Declaration of Independence: ""For the first time in human history, in this par‚Ä¶ https://t.co/zKPlRt2XYJ",20,@FoxNews
-0.2023,Mon Mar 19 01:58:39 +0000 2018,0.232,0.579,0.189,.@FDNY hero who evacuated hundreds on 9/11 dies at 45 of cancer https://t.co/uun6XzmlYi,21,@FoxNews
-0.5859,Mon Mar 19 01:55:24 +0000 2018,0.242,0.758,0.0,".@SteveHiltonx on foreign government lobbying: ""If you're being paid by foreign governments, you are betraying Amer‚Ä¶ https://t.co/makGNVglLu",22,@FoxNews
-0.5574,Mon Mar 19 01:49:34 +0000 2018,0.217,0.783,0.0,"Indiana man takes cab to and from bank to rob it, police say https://t.co/wbch2elSBS",23,@FoxNews
-0.3412,Mon Mar 19 01:42:13 +0000 2018,0.156,0.844,0.0,".@RubenNavarrette on border wall: ""A wall has not worked effectively since @GameOfThrones."" @NextRevFNC https://t.co/Xwr55YG48E",24,@FoxNews
-0.4019,Mon Mar 19 01:35:50 +0000 2018,0.13,0.87,0.0,".@JudgeJeanine on border wall: ""The idea that a wall is a 12th century [remedy] for a 21st century problem, think a‚Ä¶ https://t.co/8FfWOQ5YlQ",25,@FoxNews
-0.5859,Mon Mar 19 01:30:30 +0000 2018,0.375,0.625,0.0,First civil suit looms in deadly Florida bridge collapse https://t.co/YQyZ1LCaYf,26,@FoxNews
0.6492,Mon Mar 19 01:27:43 +0000 2018,0.0,0.772,0.228,".@JudgeJeanine: ""One of the things I learned in life is never worry that someone else is getting a better deal than‚Ä¶ https://t.co/6usOUox3n9",27,@FoxNews
-0.6369,Mon Mar 19 01:17:12 +0000 2018,0.426,0.574,0.0,Trump attorney denies president is considering firing Mueller https://t.co/J7lqupk3rY,28,@FoxNews
0.0,Mon Mar 19 01:12:06 +0000 2018,0.0,1.0,0.0,".@JudgeJeanine: ""If someone brought me a dossier upon which I signed a warrant that they swore to, and I find out t‚Ä¶ https://t.co/9xMISZUclQ",29,@FoxNews
0.0,Mon Mar 19 01:05:11 +0000 2018,0.0,1.0,0.0,.@HillaryClinton tries to explain her comments on Trump voters after backlash https://t.co/PJYJtCj0yd,30,@FoxNews
-0.8591,Mon Mar 19 00:56:07 +0000 2018,0.422,0.578,0.0,Three arrested in Colorado after pipe bomb found in stolen vehicle at a Walmart parking lot https://t.co/IDGJuwzoFA,31,@FoxNews
-0.4939,Mon Mar 19 00:50:09 +0000 2018,0.329,0.529,0.141,Security footage shows robber getting stuck in pair of sliding doors https://t.co/KWtTcFy8N8,32,@FoxNews
0.0,Mon Mar 19 00:41:31 +0000 2018,0.0,1.0,0.0,.@WhiteCastle customer caught making meth in restaurant https://t.co/5G0R0VLWFo,33,@FoxNews
-0.9274,Mon Mar 19 00:35:29 +0000 2018,0.511,0.489,0.0,.@POTUS to seek death penalty for some drug traffickers in plan to fight opioid crisis. https://t.co/4yuGmZLxcq https://t.co/Sc8lq4OgQI,34,@FoxNews
0.0,Mon Mar 19 00:24:37 +0000 2018,0.0,1.0,0.0,".@OliverNorthFNC on Russia probe: ""We the people are supposed to decide who governs us. And the Congress of the U.S‚Ä¶ https://t.co/GIRtHd7D7I",35,@FoxNews
0.0,Mon Mar 19 00:21:18 +0000 2018,0.0,1.0,0.0,".@AriFleischer on Russia probe: ""Partisanship is a part of the land today."" https://t.co/YtoJWPnhIe",36,@FoxNews
-0.34,Mon Mar 19 00:17:54 +0000 2018,0.179,0.821,0.0,"Andrew McCabe's firing from FBI 'may have been justified,' Schiff says https://t.co/nYtQcwaWeI",37,@FoxNews
0.128,Mon Mar 19 00:16:13 +0000 2018,0.096,0.786,0.118,".@AriFleischer on Russia probe: ""Independent counsel is no longer the law of the land as opposed to special counsel‚Ä¶ https://t.co/ALSDSUpEAU",38,@FoxNews
0.4019,Mon Mar 19 00:11:11 +0000 2018,0.0,0.856,0.144,"Bob Bennett: ""There's a real difference between independent counsels and special counsels. I do think we need a spe‚Ä¶ https://t.co/QHBrWde8E3",39,@FoxNews
0.0516,Mon Mar 19 00:02:39 +0000 2018,0.171,0.647,0.182,Defending champ North Carolina knocked out in second round of March Madness https://t.co/tBNM5dwLOY,40,@FoxNews
0.0,Sun Mar 18 23:52:00 +0000 2018,0.0,1.0,0.0,"TONIGHT on @NextRevFNC, @SteveHiltonx talks to @JudgeJeanine and @AnnCoulter - Tune in at 9p ET on Fox News Channel! https://t.co/zGEy4ZgRjj",41,@FoxNews
0.2023,Sun Mar 18 23:36:49 +0000 2018,0.0,0.859,0.141,Disneyland replaces Marine vet's voice with a recording at Flag Retreat Ceremony https://t.co/PA3RPHGbfv,42,@FoxNews
-0.7351,Sun Mar 18 23:32:34 +0000 2018,0.341,0.659,0.0,"Andrew McCabe controversies, from the Trump text scandal to his wife's failed campaign https://t.co/Z34RRIb9zP",43,@FoxNews
-0.6597,Sun Mar 18 23:25:32 +0000 2018,0.239,0.761,0.0,'Youngest member' of New York city's police department dies of cancer at age 10 https://t.co/rTRyATr6tv,44,@FoxNews
0.5106,Sun Mar 18 23:22:00 +0000 2018,0.0,0.852,0.148,OPINION: Chick-fil-A VP: Everyday heroes among us -- how you can be a catalyst for change in your own community https://t.co/1NGEz6vLmb,45,@FoxNews
-0.7759,Sun Mar 18 23:15:00 +0000 2018,0.348,0.526,0.126,".@TGowdySC on McCabe firing: ""Make no mistake, the FBI is who recommended that he be fired. It wasn't crazy House R‚Ä¶ https://t.co/XjmvtbsWRH",46,@FoxNews
-0.5659,Sun Mar 18 23:10:00 +0000 2018,0.206,0.794,0.0,".@TGowdySC on McCabe firing: ""Andy McCabe has undercut his credibility all by himself. He didn't need any help doin‚Ä¶ https://t.co/TJaDWqfg3d",47,@FoxNews
-0.765,Sun Mar 18 23:02:13 +0000 2018,0.355,0.645,0.0,OPINION: Online abuse of women in politics undermines both them and our democracy https://t.co/pHli6qpAk3,48,@FoxNews
-0.296,Sun Mar 18 22:57:13 +0000 2018,0.155,0.845,0.0,"Reporter's Notebook: On Russia's Election Day, voters feel pressure from all sides https://t.co/cTXfYBSQBN",49,@FoxNews
0.5859,Sun Mar 18 22:41:47 +0000 2018,0.0,0.853,0.147,".@NiallStanage on Putin's election win: ""One of the complications for those of us in the West is that part of the r‚Ä¶ https://t.co/JMuVhx0jYg",50,@FoxNews
-0.9274,Sun Mar 18 22:35:16 +0000 2018,0.511,0.489,0.0,BREAKING: Trump to seek death penalty for some drug traffickers in plan to fight opioid crisis https://t.co/erVIgrtVKv,51,@FoxNews
0.5106,Sun Mar 18 22:26:35 +0000 2018,0.0,0.68,0.32,OPINION: What is heaven? Reflections by @Pontifex https://t.co/VC1FGsY4Rq,52,@FoxNews
-0.4404,Sun Mar 18 22:16:49 +0000 2018,0.266,0.734,0.0,March Madness 2018 schedule and what to know https://t.co/VCQih6fkev,53,@FoxNews
-0.2042,Sun Mar 18 22:13:41 +0000 2018,0.12,0.8,0.08,"Rep. Keith Ellison, under fire for Farrakhan ties, claims he hasn't seen the controversial leader since 2013 https://t.co/LRaZJQJtIU",54,@FoxNews
0.0,Sun Mar 18 22:05:45 +0000 2018,0.0,1.0,0.0,"Putin's giant Russian election victory sparks backlash, claims of 'charade' https://t.co/oYv4qtjYR3",55,@FoxNews
-0.34,Sun Mar 18 21:53:16 +0000 2018,0.167,0.833,0.0,"On @FoxNewsSunday, @TGowdySC weighed in on the firing of Andrew McCabe.  https://t.co/6lNh4RJQNN https://t.co/TecDNPg0xP",56,@FoxNews
0.0,Sun Mar 18 21:48:00 +0000 2018,0.0,1.0,0.0,"Peter Thiel: If @realDonaldTrump Runs in 2020, He Will Get Re-Elected https://t.co/r0JVLB235Z https://t.co/Vuu7jIe3l2",57,@FoxNews
-0.296,Sun Mar 18 21:42:42 +0000 2018,0.145,0.855,0.0,"Barbra Streisand has no '#MeToo' story, jokingly says her nose kept predators away https://t.co/3pliKxIIRR",58,@FoxNews
0.4215,Sun Mar 18 21:32:32 +0000 2018,0.094,0.703,0.203,"Antjuan Seawright on McCabe firing: ""It seems like [Republicans] have become the party of cover and run at this poi‚Ä¶ https://t.co/6D7Pd8zvnY",59,@FoxNews
0.0,Sun Mar 18 21:31:05 +0000 2018,0.152,0.696,0.152,".@JudgeJeanine Applauds McCabe's Firing: He 'Should Have Been Taken Out in Cuffs'
https://t.co/BDiYyEWhau",60,@FoxNews
0.0,Sun Mar 18 21:23:02 +0000 2018,0.0,1.0,0.0,"Putin's giant Russian election victory sparks backlash, claims of 'charade'
https://t.co/oYv4qtjYR3",61,@FoxNews
-0.296,Sun Mar 18 21:17:49 +0000 2018,0.196,0.804,0.0,House @GOP will subpoena @FBI for missing @HillaryClinton documents https://t.co/LCBuaMIgnf,62,@FoxNews
-0.128,Sun Mar 18 21:11:38 +0000 2018,0.086,0.914,0.0,Lawmakers demand answers from Facebook after claim that analytics firm snatched user data for Trump campaign https://t.co/KjpBQ9PdMO,63,@FoxNews
-0.2263,Sun Mar 18 21:05:56 +0000 2018,0.192,0.808,0.0,Chick-fil-A cashier saves customer's forgotten change for weeks https://t.co/jevRjjpE4X,64,@FoxNews
-0.7096,Sun Mar 18 21:00:08 +0000 2018,0.282,0.718,0.0,Research firm accused of stealing data from @Facebook users for @realDonaldTrump's campaign. @WillCarrFNC has the s‚Ä¶ https://t.co/DJKl3gRmQa,65,@FoxNews
0.0,Sun Mar 18 20:53:33 +0000 2018,0.0,1.0,0.0,McDonald's employee yelled at by customer over 'miscommunication' in viral video https://t.co/LbhbNq4B1b,66,@FoxNews
0.34,Sun Mar 18 20:46:09 +0000 2018,0.286,0.357,0.357,Reward for arrest in Austin package bomb case tops $100G https://t.co/EG96v9gRdZ,67,@FoxNews
0.0,Sun Mar 18 20:44:00 +0000 2018,0.0,1.0,0.0,China's president reappointed for life. https://t.co/UymhNwyuZg https://t.co/oSkRhBCvM3,68,@FoxNews
-0.2023,Sun Mar 18 20:40:34 +0000 2018,0.232,0.579,0.189,FDNY hero who evacuated hundreds on 9/11 dies at 45 of cancer https://t.co/uun6Xz4L6K,69,@FoxNews
0.7003,Sun Mar 18 20:16:47 +0000 2018,0.0,0.547,0.453,".@Joy_Villa: Mr. Trump, please hear my heartfelt plea https://t.co/GhrdwJS5E9",70,@FoxNews
-0.4019,Sun Mar 18 20:16:39 +0000 2018,0.255,0.563,0.182,"'A Horrible Day for Democracy': Jeff Flake Blasts McCabe Firing, Encourages 2020 Primary Challenge to Trump
https://t.co/VHWOJ4xmOz",71,@FoxNews
0.5719,Sun Mar 18 20:04:25 +0000 2018,0.0,0.812,0.188,"Vladimir Putin wins Russian presidential election with over 73 percent of the vote, exit polls show‚Ä¶ https://t.co/jMvzfUlGYF",72,@FoxNews
0.0,Sun Mar 18 20:03:00 +0000 2018,0.0,1.0,0.0,".@MariaBartiromo: ""The agency has been besmirched by a group of people at the leadership. That's Jim @Comey, Andrew‚Ä¶ https://t.co/lLH3xqL6OT",73,@FoxNews
0.0,Sun Mar 18 20:02:02 +0000 2018,0.0,1.0,0.0,"Sheriff's lieutenant caught driving in reverse, honking horn for 'unknown reasons' https://t.co/XubMOrZmVi",74,@FoxNews
0.5994,Sun Mar 18 19:57:40 +0000 2018,0.0,0.671,0.329,".@TGowdySC to Trump Lawyer: 'If POTUS Is Innocent, Act Like It'
https://t.co/kdvioOhh86",75,@FoxNews
-0.7269,Sun Mar 18 19:48:00 +0000 2018,0.289,0.711,0.0,"James Kallstrom: ""They've ruined [@GenFlynn] - and because they threatened his son, you know, they bankrupted this‚Ä¶ https://t.co/b4bKz1B0hr",76,@FoxNews
-0.6486,Sun Mar 18 19:47:13 +0000 2018,0.212,0.788,0.0,'This Board Should Be Taken Apart': NY Lawmaker Blasts State Board for Paroling Double Cop Killer https://t.co/3eD7CNCzHG,77,@FoxNews
0.0258,Sun Mar 18 19:39:53 +0000 2018,0.0,0.916,0.084,.@SteveHiltonx: @HillaryClinton‚Äôs ‚ÄòDeplorables 2‚Äô moment and why it matters for America‚Äôs future https://t.co/TzPhF4Cqrr,78,@FoxNews
0.0,Sun Mar 18 19:33:07 +0000 2018,0.0,1.0,0.0,Jim Carrey unveils garish portrait of Sarah Sanders https://t.co/mCrK1ZyqEQ,79,@FoxNews
0.0,Sun Mar 18 19:24:49 +0000 2018,0.0,1.0,0.0,".@jasoninthehouse on 2018 midterms: ""When [Republicans] hear @HillaryClinton and @NancyPelosi, it reminds them why‚Ä¶ https://t.co/xG15sLooXu",80,@FoxNews
-0.4404,Sun Mar 18 19:21:05 +0000 2018,0.244,0.756,0.0,.@RandPaul denounces ‚Äòdisgraceful‚Äô ex-@CIA chief Brennan over anti-@realDonaldTrump tirade https://t.co/ZK0U6KeIew,81,@FoxNews
0.0,Sun Mar 18 19:20:33 +0000 2018,0.0,1.0,0.0,Single $456.7M Powerball ticket sold in Pennsylvania: report https://t.co/6xfGUrSm9X,82,@FoxNews
-0.5423,Sun Mar 18 19:19:42 +0000 2018,0.156,0.844,0.0,"RT @EricShawnTV: I anchor @FoxNews at 4pm EDT: Sen. @LindseyGrahamSC  says ""Russia is an enemy of democracy."" How can @POTUS @realDonaldTru‚Ä¶",83,@FoxNews
0.0,Sun Mar 18 19:19:00 +0000 2018,0.0,1.0,0.0,Officials hold press conference on Austin package bombs. (Courtesy: KEYE) https://t.co/YUbo2mJjGO,84,@FoxNews
0.0,Sun Mar 18 19:19:00 +0000 2018,0.0,1.0,0.0,".@newtgingrich: ""We rely as a country on the rule of law... We have as a country an obligation to root out the canc‚Ä¶ https://t.co/kJDZ76L8DT",85,@FoxNews
0.0,Sun Mar 18 19:16:03 +0000 2018,0.0,1.0,0.0,".@GregGutfeldShow: Trump Thinks 'Long-Term' While Dems are 'Half-A-Plan'-ers @GregGutfeldShow
https://t.co/D7CQM3AGvo",86,@FoxNews
0.0,Sun Mar 18 19:15:34 +0000 2018,0.0,1.0,0.0,".@KarlRove on PA election: ""Rick Saccone ran as Trump 2.0. That only works if your opponent is Hillary 2.0.""‚Ä¶ https://t.co/JbL55v7WIx",87,@FoxNews
-0.128,Sun Mar 18 19:14:17 +0000 2018,0.239,0.618,0.143,".@RepGoodlatte: ""There is a serious problem with several people who were - and I'm thankful to say are no longer -‚Ä¶ https://t.co/9PXr0d9VCo",88,@FoxNews
0.0,Sun Mar 18 19:10:23 +0000 2018,0.0,1.0,0.0,Turnover rate in past administrations. https://t.co/eTwSKdYW9a,89,@FoxNews
0.0,Sun Mar 18 19:07:48 +0000 2018,0.0,1.0,0.0,".@dagenmcdowell: ""The RNC so far in the 2018 cycle is outraising the DNC 2 to 1."" https://t.co/J9LciQR3tl",90,@FoxNews
0.0,Sun Mar 18 19:05:57 +0000 2018,0.0,1.0,0.0,RT @FoxBusiness: Obama ‚ÄòFast and Furious‚Äô documents to be released: Brian Terry's family reacts   https://t.co/AVY3M2SG0M,91,@FoxNews
0.0,Sun Mar 18 19:03:49 +0000 2018,0.0,1.0,0.0,Paralympian Marine vet is gifted a custom home https://t.co/Unv4dyJilu,92,@FoxNews
-0.0258,Sun Mar 18 18:54:49 +0000 2018,0.135,0.736,0.129,"Some officials wanted Stoneman Douglas suspect Nikolas Cruz committed in 2016, report says https://t.co/b0k2NCnL0j",93,@FoxNews
0.0,Sun Mar 18 18:54:00 +0000 2018,0.0,1.0,0.0,"On @foxandfriends, @DiamondandSilk pointed out what they see as a left-wing double standard regarding religion.‚Ä¶ https://t.co/FTd4lyWMDt",94,@FoxNews
-0.5574,Sun Mar 18 18:49:00 +0000 2018,0.159,0.841,0.0,".@AlanDersh: ‚ÄúEven if the president wanted McCabe fired, I don‚Äôt see that he could have any influence on that decis‚Ä¶ https://t.co/KK4SR5Pqsa",95,@FoxNews
-0.4767,Sun Mar 18 18:47:45 +0000 2018,0.181,0.819,0.0,"President @realDonaldTrump: Never saw McCabe take notes, 'Can we call them fake memos?' https://t.co/R4MxCHc80V https://t.co/FPJzYc1lKX",96,@FoxNews
0.0258,Sun Mar 18 18:45:16 +0000 2018,0.153,0.69,0.158,".@SenatorDurbin on @HillaryClinton's comments on Trump voters: ""My friend Hillary Clinton is wrong. Thirty percent‚Ä¶ https://t.co/dYPTEG4cdY",97,@FoxNews
0.7003,Sun Mar 18 18:44:54 +0000 2018,0.0,0.547,0.453,".@Joy_Villa: Mr. @realDonaldTrump, please hear my heartfelt plea
https://t.co/GhrdwJS5E9",98,@FoxNews
-0.0516,Sun Mar 18 18:43:27 +0000 2018,0.262,0.534,0.204,"Peter Thiel: ""Our greatest political problem is the problem of political correctness."" #SundayFutures‚Ä¶ https://t.co/Gw7gl9s5Jc",99,@FoxNews
0.0,Mon Mar 19 03:34:04 +0000 2018,0.0,1.0,0.0,"RT @mannyNYT: Austin police, FBI and ATF are responding to reports of another explosion in Austin tonight https://t.co/hU3JL1HBqk",0,@NYTimes
0.2263,Mon Mar 19 03:21:05 +0000 2018,0.0,0.917,0.083,RT @NYTSports: Marie Gulich had 14 points and 12 rebounds to lead sixth-seeded Oregon State to its third straight regional semifinal appear‚Ä¶,1,@NYTimes
0.0772,Mon Mar 19 03:05:07 +0000 2018,0.0,0.915,0.085,Marjory Stoneman Douglas High School officials considered forcibly committing Nikolas Cruz for psychiatric evaluati‚Ä¶ https://t.co/Q0SC9VxyGE,2,@NYTimes
-0.5267,Mon Mar 19 02:49:33 +0000 2018,0.195,0.805,0.0,"Easter Island is eroding. Climate change is threatening its future, and also its past. https://t.co/N1JQhQOkHb",3,@NYTimes
0.0,Mon Mar 19 02:31:00 +0000 2018,0.0,1.0,0.0,Uber‚Äôs New Rival in Australia: An Indian Upstart https://t.co/9oQuvMPwTC,4,@NYTimes
-0.7506,Mon Mar 19 02:26:04 +0000 2018,0.552,0.448,0.0,"After Beating No. 1, U.M.B.C. Falls to a No. 9 https://t.co/4CIcdOL8Kx",5,@NYTimes
0.6369,Mon Mar 19 02:20:18 +0000 2018,0.0,0.826,0.174,"""I‚Äôve written more than 100 articles, heard many couples say, 'I do,' and listened to their love stories. ... It‚Äôs‚Ä¶ https://t.co/44DEx38bS6",6,@NYTimes
0.5719,Mon Mar 19 02:02:35 +0000 2018,0.0,0.575,0.425,A perfect dinner side dish https://t.co/WEiFYUkUZh https://t.co/0Dt8Zvnumz,7,@NYTimes
0.0,Mon Mar 19 01:45:17 +0000 2018,0.0,1.0,0.0,"RT @nytimesmusic: Ashlee Simpson: you asked, we answered https://t.co/pYRBAt9gUS https://t.co/crGC1w2skw",8,@NYTimes
0.3612,Mon Mar 19 01:28:12 +0000 2018,0.0,0.872,0.128,Some new restaurants you just know are going to be copied like Chanel handbags. See: Babu Ji. https://t.co/SA0AKKeqDW,9,@NYTimes
0.5719,Mon Mar 19 01:09:40 +0000 2018,0.0,0.778,0.222,"Masters Preview? Rory McIlroy Wins at Bay Hill, and Tiger Woods Makes a Run https://t.co/hwDIsEFsEX",10,@NYTimes
0.0,Mon Mar 19 01:07:03 +0000 2018,0.0,1.0,0.0,"A dozen people close to President Trump or the White House, including current and former aides and longtime friends‚Ä¶ https://t.co/FyTCcICvb8",11,@NYTimes
0.0,Mon Mar 19 00:53:19 +0000 2018,0.0,1.0,0.0,"‚ÄúDone right, green can actually be more luxurious‚Äù than a conventional house https://t.co/ngJavBpCG3",12,@NYTimes
0.0,Mon Mar 19 00:39:10 +0000 2018,0.0,1.0,0.0,"Saudi Crown Prince, in His Own Words: Women Are ‚ÄòAbsolutely‚Äô Equal https://t.co/N2yoXg1s8x",13,@NYTimes
0.4019,Mon Mar 19 00:35:51 +0000 2018,0.0,0.69,0.31,Bananas and chocolate chips? Yes. https://t.co/g0TsxmD1mH https://t.co/ObdP5VUkTN,14,@NYTimes
0.0772,Mon Mar 19 00:19:46 +0000 2018,0.0,0.894,0.106,Police Plea to Austin Bomber: ‚ÄòWe Want to Listen to You‚Äô https://t.co/3AdvIQuyHr,15,@NYTimes
0.0,Mon Mar 19 00:05:29 +0000 2018,0.0,1.0,0.0,Texas A&amp;M Swats Second-Seeded North Carolina From Tournament https://t.co/AUJqpEXD7G,16,@NYTimes
0.3612,Sun Mar 18 23:50:48 +0000 2018,0.0,0.872,0.128,A Republican candidate in Maine dropped out after he was excoriated for calling one Parkland shooting survivor a ‚Äús‚Ä¶ https://t.co/o7GyTEVd4N,17,@NYTimes
0.6369,Sun Mar 18 23:34:30 +0000 2018,0.0,0.656,0.344,Austria‚Äôs Far Right Wants the Freedom to Smoke https://t.co/kBlphZomXu,18,@NYTimes
0.0,Sun Mar 18 23:29:31 +0000 2018,0.0,1.0,0.0,Will ‚ÄòGrief Is the Thing With Feathers‚Äô Take Flight on Stage? https://t.co/MHGlqkzkZ4,19,@NYTimes
-0.6249,Sun Mar 18 23:26:08 +0000 2018,0.242,0.758,0.0,"President Trump escalated his attacks on Robert Mueller, calling the Russia inquiry partisan. And he accused James‚Ä¶ https://t.co/OmX2pwsPRg",20,@NYTimes
-0.3612,Sun Mar 18 23:10:13 +0000 2018,0.263,0.737,0.0,N.C.A.A. Women‚Äôs Tournament: Oregon State Upsets Tennessee https://t.co/KQ0Qur7jzc,21,@NYTimes
0.3612,Sun Mar 18 23:06:04 +0000 2018,0.0,0.889,0.111,"HeLa, the cell line named for Henrietta Lacks, has been at the core of treatments for ailments like hemophilia, her‚Ä¶ https://t.co/Uzv6yRQBig",22,@NYTimes
-0.4404,Sun Mar 18 22:45:03 +0000 2018,0.146,0.854,0.0,The Trump administration is furiously trying to fend off a bipartisan effort in Congress to halt American military‚Ä¶ https://t.co/smBChWXHUy,23,@NYTimes
-0.4215,Sun Mar 18 22:31:06 +0000 2018,0.203,0.797,0.0,"Army, Struggling to Get Technology in Soldiers‚Äô Hands, Tries the Unconventional https://t.co/gtyABUyrgQ",24,@NYTimes
0.4754,Sun Mar 18 22:30:06 +0000 2018,0.1,0.67,0.23,"‚ÄúThe more I delved, the more interesting it became: The complexity of these ridiculously wealthy people who were so‚Ä¶ https://t.co/mJgrZgBYXG",25,@NYTimes
0.4939,Sun Mar 18 22:15:08 +0000 2018,0.0,0.862,0.138,"‚ÄúI don‚Äôt care about being the first transgender teen idol at all,‚Äù said the German-born singer Kim Petras. ‚ÄúI just‚Ä¶ https://t.co/JucLB3j6JZ",26,@NYTimes
0.6249,Sun Mar 18 22:05:19 +0000 2018,0.0,0.687,0.313,Masterpiece Rental: My Life in the ‚ÄòAmerican Gothic‚Äô House https://t.co/Bs72ldRDmm,27,@NYTimes
-0.296,Sun Mar 18 22:00:20 +0000 2018,0.16,0.763,0.076,"Bill Hader talks about his darkly weird new HBO series, ""Barry,"" in which he plays a lonely hit man who falls in wi‚Ä¶ https://t.co/BxqBmTLXva",28,@NYTimes
-0.5423,Sun Mar 18 21:45:08 +0000 2018,0.249,0.643,0.108,"Trump‚Äôs policies and disparaging remarks about immigrants have forced other countries to say, ‚ÄúWe have to help each‚Ä¶ https://t.co/oRaiWuAJEg",29,@NYTimes
-0.8074,Sun Mar 18 21:35:04 +0000 2018,0.368,0.632,0.0,No. 6 Oregon State stunningly upset No. 3 Tennessee. It was the first time in school history that Tennessee lost at‚Ä¶ https://t.co/TLnJrJPInZ,30,@NYTimes
0.6908,Sun Mar 18 21:30:01 +0000 2018,0.0,0.737,0.263,The return of a blockbuster action franchise couldn‚Äôt bump ‚ÄúBlack Panther‚Äù from the top of the box office https://t.co/yiOh273l75,31,@NYTimes
-0.2051,Sun Mar 18 21:21:03 +0000 2018,0.083,0.917,0.0,"Kate McKinnon as Education Secretary Betsy DeVos: ‚ÄúLook, I may not be very good on camera, but behind the scenes, m‚Ä¶ https://t.co/S9aX73WpZJ",32,@NYTimes
-0.34,Sun Mar 18 21:15:06 +0000 2018,0.156,0.844,0.0,"As anyone who has worked in Syria knows, paperwork is an obsession here https://t.co/YXl9zwKGFY",33,@NYTimes
-0.2755,Sun Mar 18 21:00:16 +0000 2018,0.081,0.919,0.0,Humans will have to get used to their machine co-workers. But the robot next to you may not be ready to be your rep‚Ä¶ https://t.co/AH6NSZh5vQ,34,@NYTimes
-0.1027,Sun Mar 18 20:45:07 +0000 2018,0.085,0.915,0.0,"The decision has stunned almost everyone involved ‚Äî doctors, restaurant and cafe owners, and smokers themselves https://t.co/qAAOvX5v3z",35,@NYTimes
0.357,Sun Mar 18 20:40:54 +0000 2018,0.0,0.899,0.101,"RT @peterbakernyt: The strategy of not attacking Mueller team directly seems to be over, as Trump and his lawyer suggest that the investiga‚Ä¶",36,@NYTimes
0.0,Sun Mar 18 20:30:08 +0000 2018,0.0,1.0,0.0,"""Unless we experience some kind of unprecedented sea change in the pathological tribalism that now defines our poli‚Ä¶ https://t.co/AhDib3ZPQh",37,@NYTimes
0.0772,Sun Mar 18 20:15:08 +0000 2018,0.0,0.929,0.071,"Minnesota‚Äôs largest school district suspends an inordinate number of black students compared with white ones, and i‚Ä¶ https://t.co/RbZ2sHTltz",38,@NYTimes
0.3612,Sun Mar 18 20:00:16 +0000 2018,0.0,0.884,0.116,"For 4 years, Beth Howard rented the famous cottage in the Grant Wood painting ‚ÄúAmerican Gothic."" ""it was a wild rid‚Ä¶ https://t.co/FKaALvknGg",39,@NYTimes
0.0,Sun Mar 18 19:45:04 +0000 2018,0.0,1.0,0.0,Richard Carranza will lead the country‚Äôs biggest school district after a stint in Houston so brief that his record‚Ä¶ https://t.co/Mcoq3LV1vK,40,@NYTimes
0.0772,Sun Mar 18 19:31:24 +0000 2018,0.082,0.82,0.098,"Lawmakers on both continents said they would demand top Facebook officials, possibly Mark Zuckerberg, testify about‚Ä¶ https://t.co/89QsdsNGjd",41,@NYTimes
-0.7003,Sun Mar 18 19:30:02 +0000 2018,0.244,0.756,0.0,Facebook came under harsh criticism from U.S. and British lawmakers after a firm with ties to the Trump campaign ob‚Ä¶ https://t.co/Cl4njVU2YI,42,@NYTimes
-0.2023,Sun Mar 18 19:15:05 +0000 2018,0.091,0.909,0.0,"Syrian rebels seized control of the city of Afrin, the target of Turkey‚Äôs 2-month military operation against Kurdis‚Ä¶ https://t.co/jw9f2nBMqM",43,@NYTimes
0.2023,Sun Mar 18 19:00:19 +0000 2018,0.0,0.833,0.167,"Here are the week‚Äôs top stories, and a look ahead https://t.co/wgcfLRxDRk",44,@NYTimes
0.3182,Sun Mar 18 18:45:04 +0000 2018,0.0,0.845,0.155,"""It was liberating to start imagining that there could be meaningful stories told about wreckage, sure, but also me‚Ä¶ https://t.co/C0EuTZauTj",45,@NYTimes
-0.1027,Sun Mar 18 18:30:21 +0000 2018,0.197,0.634,0.169,Readers shared their ideas for keeping news-generated stress at bay https://t.co/gLAcnmRCSV,46,@NYTimes
-0.7096,Sun Mar 18 18:15:04 +0000 2018,0.269,0.731,0.0,A Boko Haram attack has left anguished parents and community members asking how such a kidnapping could happen agai‚Ä¶ https://t.co/XsRLCev8Wv,47,@NYTimes
0.4215,Sun Mar 18 18:00:10 +0000 2018,0.0,0.865,0.135,"With cheap flights becoming increasingly popular, Air France wants to let travelers know that flying doesn‚Äôt have t‚Ä¶ https://t.co/e5GcTQ3xhN",48,@NYTimes
-0.1027,Sun Mar 18 17:45:03 +0000 2018,0.116,0.789,0.095,Here are some of the top reads you may have missed in a week filled with news https://t.co/27LqJ1cZTk,49,@NYTimes
0.91,Sun Mar 18 17:30:19 +0000 2018,0.0,0.419,0.581,Saudi leaders hope that encouraging fun will be good for the economy https://t.co/0ReuODMef5,50,@NYTimes
0.0,Sun Mar 18 17:15:08 +0000 2018,0.0,1.0,0.0,"In Opinion,
Op-Ed contributor Jeff Roe writes, ""Instead of wringing our hands about his tweets, let‚Äôs start playing‚Ä¶ https://t.co/LoRBSmmYIS",51,@NYTimes
-0.5267,Sun Mar 18 17:00:09 +0000 2018,0.152,0.848,0.0,"Police lying persists, even amid an explosion of video evidence that has allowed the public to test officers‚Äô credi‚Ä¶ https://t.co/XpILmY1D2Q",52,@NYTimes
-0.8402,Sun Mar 18 16:45:03 +0000 2018,0.333,0.667,0.0,"A bomb threat in Austin, Texas, led to an arrest and the cancellation of a Roots concert at the South by Southwest‚Ä¶ https://t.co/hB7IXdAQtY",53,@NYTimes
-0.2263,Sun Mar 18 16:30:06 +0000 2018,0.19,0.711,0.1,"Surprise inspections in the Gulf of Mexico found serious problems, including some that were potentially life threat‚Ä¶ https://t.co/Z7bFAQdIhm",54,@NYTimes
0.4215,Sun Mar 18 16:15:07 +0000 2018,0.0,0.872,0.128,"What our reporter found at U.M.B.C. the day after it made basketball history: a dog named True Grit, a Rhodes schol‚Ä¶ https://t.co/lPStioViyu",55,@NYTimes
0.0,Sun Mar 18 16:00:04 +0000 2018,0.0,1.0,0.0,Here's what to cook in these final cold days before spring arrives https://t.co/SgGncNOv3f,56,@NYTimes
0.6901,Sun Mar 18 15:51:54 +0000 2018,0.084,0.647,0.268,"RT @cliffordlevy: There were many heroes in the stunning NCAA upset by UMBC. 
One of the most surprising:
The guy who runs the @UMBCAthleti‚Ä¶",57,@NYTimes
0.3612,Sun Mar 18 15:45:11 +0000 2018,0.0,0.872,0.128,A Republican candidate in Maine dropped out after he was excoriated for calling one Parkland shooting survivor a ‚Äús‚Ä¶ https://t.co/mdtRGfYN0a,58,@NYTimes
0.0,Sun Mar 18 15:40:09 +0000 2018,0.0,1.0,0.0,"We're looking at a new Sotheby's exhibit of the work of 5 photojournalists who covered social, military and politic‚Ä¶ https://t.co/J0cmceq9Q2",59,@NYTimes
0.0,Sun Mar 18 15:30:12 +0000 2018,0.0,1.0,0.0,Britain says it has proof that Russia has been stockpiling and researching lethal nerve agents for the purpose of a‚Ä¶ https://t.co/JiNBYTAlGj,60,@NYTimes
0.5859,Sun Mar 18 15:15:08 +0000 2018,0.0,0.833,0.167,"Putin is expected to win big, the only question being how many voters will participate in a hollow exercise unlikel‚Ä¶ https://t.co/flE4lRMyYn",61,@NYTimes
0.0,Sun Mar 18 15:00:14 +0000 2018,0.0,1.0,0.0,"The University of Maryland, Baltimore County, isn't just an athletic Cinderella Story. It's also an academic one. https://t.co/tECQUYlXV7",62,@NYTimes
0.0,Sun Mar 18 14:45:05 +0000 2018,0.0,1.0,0.0,China signaled it will continue its financial shake-up with the decision to elevate deputy governor Yi Gang to lead‚Ä¶ https://t.co/MbImPMWasV,63,@NYTimes
-0.6249,Sun Mar 18 14:30:05 +0000 2018,0.242,0.758,0.0,"President Trump escalated his attacks on Robert Mueller, calling the Russia inquiry partisan. And he accused James‚Ä¶ https://t.co/IZjchhQ8zR",64,@NYTimes
0.0,Sun Mar 18 14:15:05 +0000 2018,0.0,1.0,0.0,The hottest political advice for House Democratic candidates right now: ‚ÄúDon‚Äôt say you‚Äôre for Pelosi.‚Äù But Nancy Pe‚Ä¶ https://t.co/fky93OobL7,65,@NYTimes
0.0,Sun Mar 18 14:00:32 +0000 2018,0.0,1.0,0.0,"Henrietta Lacks never traveled farther than Baltimore from her family home in southern Virginia, but her cells have‚Ä¶ https://t.co/jvyee14QgS",66,@NYTimes
0.0,Sun Mar 18 13:54:32 +0000 2018,0.0,1.0,0.0,China Set to Name Yi Gang as Central Bank Chief https://t.co/wVx9wwas6G,67,@NYTimes
0.5514,Sun Mar 18 13:45:06 +0000 2018,0.0,0.835,0.165,Have you been brushing up on relative clauses? Subject-verb agreement? Test your skills in our copy editing quiz. https://t.co/mzEDu4Idst,68,@NYTimes
-0.128,Sun Mar 18 13:15:04 +0000 2018,0.12,0.88,0.0,Here are tips and tricks to make traveling with kids a breeze https://t.co/dtJJjw9ALE,69,@NYTimes
0.0,Sun Mar 18 12:45:03 +0000 2018,0.0,1.0,0.0,"2 California cities, 2 very different approaches to the sale of marijuana https://t.co/QaQtSl9WCf",70,@NYTimes
0.0,Sun Mar 18 12:36:27 +0000 2018,0.0,1.0,0.0,Britain Says It Has Proof Russia Stockpiled Lethal Nerve Agent https://t.co/HdQIQksN7g,71,@NYTimes
0.5719,Sun Mar 18 12:15:06 +0000 2018,0.0,0.821,0.179,"An Indian children‚Äôs book spotlights 11 leaders ‚Äúwho will inspire you.‚Äù It features Gandhi, Nelson Mandela, Barack‚Ä¶ https://t.co/U70Mypntiq",72,@NYTimes
-0.3182,Sun Mar 18 12:10:07 +0000 2018,0.223,0.777,0.0,Loose Ends: Daily Affirmations From the White House https://t.co/bmFn1gidXl,73,@NYTimes
0.0,Sun Mar 18 11:45:42 +0000 2018,0.0,1.0,0.0,"Review: As James Levine Sues, the Met Opera Opens a New ‚ÄòCos√¨‚Äô https://t.co/THRdBTRSML",74,@NYTimes
0.0,Sun Mar 18 11:45:06 +0000 2018,0.0,1.0,0.0,"How to spend 36 hours in Oaxaca, Mexico https://t.co/eGHgcX0yx4",75,@NYTimes
0.0,Sun Mar 18 11:15:06 +0000 2018,0.0,1.0,0.0,"Chocolate oatmeal for breakfast, anyone?
 https://t.co/uc4f8mLkU7",76,@NYTimes
0.0,Sun Mar 18 10:45:02 +0000 2018,0.0,1.0,0.0,You asked: Can I catch the same cold twice? Here's a brief explanation. https://t.co/4JFtFIgzCx,77,@NYTimes
0.0,Sun Mar 18 10:15:02 +0000 2018,0.0,1.0,0.0,One of the fastest American marathon runners right now is a 29-year-old doctor in rural Connecticut who doesn‚Äôt hav‚Ä¶ https://t.co/whU3pVZJEf,78,@NYTimes
0.144,Sun Mar 18 09:54:37 +0000 2018,0.0,0.876,0.124,Nancy Pelosi Wants to Lead. More Democratic Candidates Want Her Out. https://t.co/IDxHWoUwHp,79,@NYTimes
0.0,Sun Mar 18 09:46:57 +0000 2018,0.0,1.0,0.0,"Sunday Routine: How Tamara Shopsin, Illustrator and Part-Time Cook, Spends Her Sundays https://t.co/omUPfN1MWT",80,@NYTimes
-0.2263,Sun Mar 18 09:43:05 +0000 2018,0.192,0.808,0.0,"James Levine, a Fractured Partnership and a Met Opera Lawsuit https://t.co/SuyWMuREg1",81,@NYTimes
-0.4588,Sun Mar 18 09:31:25 +0000 2018,0.167,0.833,0.0,French bulldogs are far more fragile than they look ‚Äî an unfortunate fate guaranteed by breeding https://t.co/hVcpLcG6Hx,82,@NYTimes
0.5719,Sun Mar 18 09:13:08 +0000 2018,0.0,0.684,0.316,Trilobites: In Search of the Perfect Hair Dye https://t.co/B1SGqzhReq,83,@NYTimes
0.3182,Sun Mar 18 08:57:53 +0000 2018,0.0,0.813,0.187,Presidential Vote in Russia Sure to Give Putin 6 More Years https://t.co/jmnfp6HTD8,84,@NYTimes
0.0,Sun Mar 18 08:42:26 +0000 2018,0.0,1.0,0.0,"The evolution of Alan Hollinghurst, one of fiction‚Äôs gay liberators https://t.co/ZHg2PPEhsg",85,@NYTimes
0.0,Sun Mar 18 08:25:46 +0000 2018,0.0,1.0,0.0,"‚ÄòS.N.L.‚Äô Takes Aim at Betsy DeVos, Jeff Sessions and Rex Tillerson https://t.co/6Q1LpK8O3J",86,@NYTimes
0.0,Sun Mar 18 08:16:27 +0000 2018,0.0,1.0,0.0,"""The violinist's daughter gave me a book of poems and a card. She signed the card 'Love, Ruthie.' She was the first‚Ä¶ https://t.co/IJu9s8r6to",87,@NYTimes
0.5267,Sun Mar 18 07:59:13 +0000 2018,0.0,0.805,0.195,"Jay-Z and Beyonc√©'s tour announcement took its visual inspiration from the film ""Touki Bouki"" https://t.co/Rl6DOOJMvE",88,@NYTimes
0.1779,Sun Mar 18 07:42:38 +0000 2018,0.095,0.779,0.126,"For years, no chef dared try to improve the iconic croissant. Now, though, a new generation of bakers is trying.‚Ä¶ https://t.co/XA028SbJ9g",89,@NYTimes
0.4019,Sun Mar 18 07:25:28 +0000 2018,0.0,0.722,0.278,A healthy dinner that packs in flavor https://t.co/C7NkqbmNYD https://t.co/LbNzwuRlEK,90,@NYTimes
0.1779,Sun Mar 18 07:08:34 +0000 2018,0.206,0.515,0.278,Should teenagers protest? Research says yes. https://t.co/CUQku1vvNI,91,@NYTimes
0.0,Sun Mar 18 06:51:40 +0000 2018,0.0,1.0,0.0,Wedding season is upon us (it officially kicks off in April). Here are a few money saving tips for weddings guests. https://t.co/iHYxhWGstZ,92,@NYTimes
0.0,Sun Mar 18 06:34:57 +0000 2018,0.0,1.0,0.0,"As the list of endangered animals worldwide grows longer, society may soon be faced with an impossible decision: wh‚Ä¶ https://t.co/C94gb7Q9GN",93,@NYTimes
0.0,Sun Mar 18 06:18:09 +0000 2018,0.0,1.0,0.0,"If cooking is a vehicle for memory, for many Filipinos, the dishes of their heritage are inseparable from days of c‚Ä¶ https://t.co/3CrxIeIaAM",94,@NYTimes
0.4588,Sun Mar 18 06:01:27 +0000 2018,0.0,0.81,0.19,"There's so much to see and do in St. Louis, and all of it is within easy reach https://t.co/eAv1kFiY52",95,@NYTimes
0.0,Sun Mar 18 05:42:48 +0000 2018,0.0,1.0,0.0,Here's the 2018 election calendar https://t.co/bcs5orBvUz,96,@NYTimes
-0.8834,Sun Mar 18 05:26:32 +0000 2018,0.393,0.511,0.096,Many people attribute cancer to bad luck. But wretched statistics on cancer mortalities are also linked to racial i‚Ä¶ https://t.co/ZHGl0RV2fA,97,@NYTimes
-0.5994,Sun Mar 18 05:09:41 +0000 2018,0.311,0.546,0.143,"Modern Love: He was struggling with an obscure neurological illness. Before he died in January, she was his world. https://t.co/CaIe8a29Nv",98,@NYTimes
0.0,Sun Mar 18 04:52:11 +0000 2018,0.0,1.0,0.0,For the record: I'm With Her chose its band name before Hillary Clinton's campaign started using its slogan https://t.co/hfvhriI7XP,99,@NYTimes
